posting_date,entry_type,document_type,document_no,document_line_no,item_no,variant_code,description,document_created_at,branch_representative,project,return_reason_code,location_code,lot_no,expiration_date,serial_no,quantity,invoiced_quantity,remaining_quantity,shipped_qty_not_returned,reserved_quantity,open,order_type,entry_no,source_file,import_period,created_at,updated_at
2026-09-11,Sale,Sales Shipment,PSS-2609-1508,1000,HD SET BLMDN006-NAK,,,2026-09-11,CAB01-MDN,MDN-HD-006,,MDN-PAR,,9999-12-31,,-300,0,0,-300,0,0, ,3478264,data/ile1109.xls,2026-09,2026-09-11T13:46:24.331708,2026-09-11T13:46:24.331708
2026-09-11,Assembly Output,Posted Assembly,PAO-2609-0839,0,HD SET BLMDN006-NAK,,,2026-09-11,CAB01-MDN,MDN-HD-006,,MDN-PAR,,9999-12-31,,300,300,0,0,0,0,Assembly,3478263,data/ile1109.xls,2026-09,2026-09-11T13:46:24.331708,2026-09-11T13:46:24.331708
2026-09-11,Assembly Consumption,Posted Assembly,PAO-2609-0839,40000,FG-SC-002,,,2026-09-11,CAB01-MDN,MDN-HD-006,,MDN-PAR,J-26-0705-08,2028-07-05,,-68,-68,0,-68,0,0,Assembly,3478262,data/ile1109.xls,2026-09,2026-09-11T13:46:24.331708,2026-09-11T13:46:24.331708
2026-09-11,Assembly Consumption,Posted Assembly,PAO-2609-0839,40000,FG-SC-002,,,2026-09-11,CAB01-MDN,MDN-HD-006,,MDN-PAR,J-26-0705-07,2028-07-05,,-111,-111,0,-111,0,0,Assembly,3478261,data/ile1109.xls,2026-09,2026-09-11T13:46:24.331708,2026-09-11T13:46:24.331708
2026-09-11,Assembly Consumption,Posted Assembly,PAO-2609-0839,40000,FG-SC-002,,,2026-09-11,CAB01-MDN,MDN-HD-006,,MDN-PAR,J-26-0705-06,2028-07-05,,-111,-111,0,-111,0,0,Assembly,3478260,data/ile1109.xls,2026-09,2026-09-11T13:46:24.331708,2026-09-11T13:46:24.331708
2026-09-11,Assembly Consumption,Posted Assembly,PAO-2609-0839,40000,FG-SC-002,,,2026-09-11,CAB01-MDN,MDN-HD-006,,MDN-PAR,J-26-0705-05,2028-07-05,,-10,-10,0,-10,0,0,Assembly,3478259,data/ile1109.xls,2026-09,2026-09-11T13:46:24.331708,2026-09-11T13:46:24.331708
2026-09-11,Assembly Consumption,Posted Assembly,PAO-2609-0839,30000,AVF1625-HC-N,,,2026-09-11,CAB01-MDN,MDN-HD-006,,MDN-PAR,26E0706J,2031-04-30,,-600,-600,0,-600,0,0,Assembly,3478258,data/ile1109.xls,2026-09,2026-09-11T13:46:24.331708,2026-09-11T13:46:24.331708
2026-09-11,Assembly Consumption,Posted Assembly,PAO-2609-0839,20000,A016-R-V604R,,,2026-09-11,CAB01-MDN,MDN-HD-006,,MDN-PAR,26F13L6J,2031-05-31,,-300,-300,0,-300,0,0,Assembly,3478257,data/ile1109.xls,2026-09,2026-09-11T13:46:24.331708,2026-09-11T13:46:24.331708
2026-09-11,Assembly Consumption,Posted Assembly,PAO-2609-0839,10000,ELISIO1-13H,,,2026-09-11,CAB01-MDN,MDN-HD-006,,MDN-PAR,25K22DHR,2028-10-31,,-300,-300,0,-300,0,0,Assembly,3478256,data/ile1109.xls,2026-09,2026-09-11T13:46:24.331708,2026-09-11T13:46:24.331708
2026-09-10,Sale,Sales Shipment,PSS-2609-1426,2000,DS03L2332R-N,,,2026-09-10,CAB01-MDN,NON-PROJECT,,MDN-PAR,25K1902J,2030-10-31,,-1000,-1000,0,-1000,0,0, ,3477100,data/ile1109.xls,2026-09,2026-09-11T13:46:24.331708,2026-09-11T13:46:24.331708
2026-09-10,Sale,Sales Shipment,PSS-2609-1426,1000,PR-325104-50ST,,,2026-09-10,CAB01-MDN,NON-PROJECT,,MDN-PAR,ZF10KBZMD,2028-03-09,,-20,-20,0,-20,0,0, ,3477099,data/ile1109.xls,2026-09,2026-09-11T13:46:24.331708,2026-09-11T13:46:24.331708
2026-09-10,Sale,Sales Shipment,PSS-2609-1419,1000,PR-325104-50ST,,,2026-09-10,CAB01-MDN,NON-PROJECT,,MDN-PAR,ZF10KBZMD,2028-03-09,,-40,-40,0,-40,0,0, ,3476750,data/ile1109.xls,2026-09,2026-09-11T13:46:24.331708,2026-09-11T13:46:24.331708
2026-09-10,Sale,Sales Shipment,PSS-2609-1418,1000,IA-N-3503,,,2026-09-10,CAB01-MDN,NON-PROJECT,,MDN-PAR,34643826,9999-12-31,,-1,-1,0,-1,0,0, ,3476749,data/ile1109.xls,2026-09,2026-09-11T13:46:24.331708,2026-09-11T13:46:24.331708
2026-09-10,Sale,Sales Shipment,PSS-2609-1417,1000,PR-325104-50ST,,,2026-09-10,CAB01-MDN,NON-PROJECT,,MDN-PAR,ZF10KBZMD,2028-03-09,,-30,-30,0,-30,0,0, ,3476739,data/ile1109.xls,2026-09,2026-09-11T13:46:24.331708,2026-09-11T13:46:24.331708
2026-09-10,Sale,Sales Shipment,PSS-2609-1416,3000,7022V PDM-13-BLUE,,,2026-09-10,CAB01-MDN,NON-PROJECT,,MDN-PAR,34500484,9999-12-31,,-1000,-1000,0,-1000,0,0, ,3476738,data/ile1109.xls,2026-09,2026-09-11T13:46:24.331708,2026-09-11T13:46:24.331708
2026-09-10,Sale,Sales Shipment,PSS-2609-1416,2000,7022V PDM-12-PINK,,,2026-09-10,CAB01-MDN,NON-PROJECT,,MDN-PAR,35116534,9999-12-31,,-1000,-1000,0,-1000,0,0, ,3476737,data/ile1109.xls,2026-09,2026-09-11T13:46:24.331708,2026-09-11T13:46:24.331708
2026-09-10,Sale,Sales Shipment,PSS-2609-1416,1000,DS03L2332R-N,,,2026-09-10,CAB01-MDN,NON-PROJECT,,MDN-PAR,25K1902J,2030-10-31,,-2400,-2400,0,-2400,0,0, ,3476736,data/ile1109.xls,2026-09,2026-09-11T13:46:24.331708,2026-09-11T13:46:24.331708
2026-09-10,Sale,Sales Shipment,PSS-2609-1373,3000,NIC2025-N-E,,,2026-09-10,CAB01-MDN,NON-PROJECT,,MDN-PAR,26D1406J,2031-03-31,,-1500,-1500,0,-1500,0,0, ,3476032,data/ile1109.xls,2026-09,2026-09-11T13:46:24.331708,2026-09-11T13:46:24.331708
2026-09-10,Sale,Sales Shipment,PSS-2609-1373,2000,NIC2420-N-E,,,2026-09-10,CAB01-MDN,NON-PROJECT,,MDN-PAR,26C3106J,2031-02-28,,-2000,-2000,0,-2000,0,0, ,3476031,data/ile1109.xls,2026-09,2026-09-11T13:46:24.331708,2026-09-11T13:46:24.331708
2026-09-10,Sale,Sales Shipment,PSS-2609-1373,1000,NIC2225-N-E,,,2026-09-10,CAB01-MDN,NON-PROJECT,,MDN-PAR,26C1706J,2031-02-28,,-3000,-3000,0,-3000,0,0, ,3476030,data/ile1109.xls,2026-09,2026-09-11T13:46:24.331708,2026-09-11T13:46:24.331708
2026-09-10,Sale,Sales Shipment,PSS-2609-1372,2000,NIC2225-N-E,,,2026-09-10,CAB01-MDN,NON-PROJECT,,MDN-PAR,26C1706J,2031-02-28,,-500,-500,0,-500,0,0, ,3476029,data/ile1109.xls,2026-09,2026-09-11T13:46:24.331708,2026-09-11T13:46:24.331708
2026-09-10,Sale,Sales Shipment,PSS-2609-1372,1000,NIC2025-N-E,,,2026-09-10,CAB01-MDN,NON-PROJECT,,MDN-PAR,26D1406J,2031-03-31,,-1000,-1000,0,-1000,0,0, ,3476028,data/ile1109.xls,2026-09,2026-09-11T13:46:24.331708,2026-09-11T13:46:24.331708
2026-09-10,Sale,Sales Shipment,PSS-2609-1370,3000,HD PACK-2B,,,2026-09-10,CAB01-MDN,MDN-HD-035,,MDN-PAR,OP3/5379,2031-06-30,,-50,-50,0,-50,0,0, ,3476025,data/ile1109.xls,2026-09,2026-09-11T13:46:24.331708,2026-09-11T13:46:24.331708
2026-09-10,Sale,Sales Shipment,PSS-2609-1370,2000,HD SET BLMDN035-NAVF,,,2026-09-10,CAB01-MDN,MDN-HD-035,,MDN-PAR,,9999-12-31,,-44,-44,0,-44,0,0, ,3476024,data/ile1109.xls,2026-09,2026-09-11T13:46:24.331708,2026-09-11T13:46:24.331708
2026-09-10,Assembly Output,Posted Assembly,PAO-2609-0759,0,HD SET BLMDN035-NAVF,,,2026-09-10,CAB01-MDN,MDN-HD-035,,MDN-PAR,,9999-12-31,,44,44,0,0,0,0,Assembly,3476023,data/ile1109.xls,2026-09,2026-09-11T13:46:24.331708,2026-09-11T13:46:24.331708
2026-09-10,Assembly Consumption,Posted Assembly,PAO-2609-0759,40000,FG-SC-002,,,2026-09-10,CAB01-MDN,MDN-HD-035,,MDN-PAR,J-26-0705-05,2028-07-05,,-44,-44,0,-44,0,0,Assembly,3476022,data/ile1109.xls,2026-09,2026-09-11T13:46:24.331708,2026-09-11T13:46:24.331708
2026-09-10,Assembly Consumption,Posted Assembly,PAO-2609-0759,30000,AK1-10L,,,2026-09-10,CAB01-MDN,MDN-HD-035,,MDN-PAR,J-26-0605-9,2028-06-05,,-22,-22,0,-22,0,0,Assembly,3476021,data/ile1109.xls,2026-09,2026-09-11T13:46:24.331708,2026-09-11T13:46:24.331708
2026-09-10,Assembly Consumption,Posted Assembly,PAO-2609-0759,20000,A016-R-V604R,,,2026-09-10,CAB01-MDN,MDN-HD-035,,MDN-PAR,26F13L6J,2031-05-31,,-44,-44,0,-44,0,0,Assembly,3476020,data/ile1109.xls,2026-09,2026-09-11T13:46:24.331708,2026-09-11T13:46:24.331708
2026-09-10,Assembly Consumption,Posted Assembly,PAO-2609-0759,10000,ELISIO1-13H,,,2026-09-10,CAB01-MDN,MDN-HD-035,,MDN-PAR,25K22DHR,2028-10-31,,-44,-44,0,-44,0,0,Assembly,3476019,data/ile1109.xls,2026-09,2026-09-11T13:46:24.331708,2026-09-11T13:46:24.331708
2026-09-10,Sale,Sales Shipment,PSS-2609-1370,1000,HD SET BLMDN035-NAHX,,,2026-09-10,CAB01-MDN,MDN-HD-035,,MDN-PAR,,9999-12-31,,-6,-6,0,-6,0,0, ,3476018,data/ile1109.xls,2026-09,2026-09-11T13:46:24.331708,2026-09-11T13:46:24.331708
2026-09-10,Assembly Output,Posted Assembly,PAO-2609-0758,0,HD SET BLMDN035-NAHX,,,2026-09-10,CAB01-MDN,MDN-HD-035,,MDN-PAR,,9999-12-31,,6,6,0,0,0,0,Assembly,3476017,data/ile1109.xls,2026-09,2026-09-11T13:46:24.331708,2026-09-11T13:46:24.331708
2026-09-10,Assembly Consumption,Posted Assembly,PAO-2609-0758,40000,FG-SC-002,,,2026-09-10,CAB01-MDN,MDN-HD-035,,MDN-PAR,J-26-0705-05,2028-07-05,,-6,-6,0,-6,0,0,Assembly,3476016,data/ile1109.xls,2026-09,2026-09-11T13:46:24.331708,2026-09-11T13:46:24.331708
2026-09-10,Assembly Consumption,Posted Assembly,PAO-2609-0758,30000,AK1-10L,,,2026-09-10,CAB01-MDN,MDN-HD-035,,MDN-PAR,J-26-0605-9,2028-06-05,,-3,-3,0,-3,0,0,Assembly,3476015,data/ile1109.xls,2026-09,2026-09-11T13:46:24.331708,2026-09-11T13:46:24.331708
2026-09-10,Assembly Consumption,Posted Assembly,PAO-2609-0758,20000,A016-R-V604R,,,2026-09-10,CAB01-MDN,MDN-HD-035,,MDN-PAR,26F13L6J,2031-05-31,,-6,-6,0,-6,0,0,Assembly,3476014,data/ile1109.xls,2026-09,2026-09-11T13:46:24.331708,2026-09-11T13:46:24.331708
2026-09-10,Assembly Consumption,Posted Assembly,PAO-2609-0758,10000,ELISIO-17HX,,,2026-09-10,CAB01-MDN,MDN-HD-035,,MDN-PAR,24G22C,2027-06-30,,-6,-6,0,-6,0,0,Assembly,3476013,data/ile1109.xls,2026-09,2026-09-11T13:46:24.331708,2026-09-11T13:46:24.331708
2026-09-10,Sale,Sales Shipment,PSS-2609-1368,1000,HD SET BLMDN038,,,2026-09-10,CAB01-MDN,MDN-HD-038,,MDN-PAR,,9999-12-31,,-300,-300,0,-300,0,0, ,3476009,data/ile1109.xls,2026-09,2026-09-11T13:46:24.331708,2026-09-11T13:46:24.331708
2026-09-10,Assembly Output,Posted Assembly,PAO-2609-0757,0,HD SET BLMDN038,,,2026-09-10,CAB01-MDN,MDN-HD-038,,MDN-PAR,,9999-12-31,,300,300,0,0,0,0,Assembly,3476008,data/ile1109.xls,2026-09,2026-09-11T13:46:24.331708,2026-09-11T13:46:24.331708
2026-09-10,Assembly Consumption,Posted Assembly,PAO-2609-0757,50000,FG-SC-002,,,2026-09-10,CAB01-MDN,MDN-HD-038,,MDN-PAR,J-26-0705-06,2028-07-05,,-300,-300,0,-300,0,0,Assembly,3476007,data/ile1109.xls,2026-09,2026-09-11T13:46:24.331708,2026-09-11T13:46:24.331708
2026-09-10,Assembly Consumption,Posted Assembly,PAO-2609-0757,40000,AK1-10L,,,2026-09-10,CAB01-MDN,MDN-HD-038,,MDN-PAR,J-26-0606-1,2028-06-06,,-150,-150,0,-150,0,0,Assembly,3476006,data/ile1109.xls,2026-09,2026-09-11T13:46:24.331708,2026-09-11T13:46:24.331708
2026-09-10,Assembly Consumption,Posted Assembly,PAO-2609-0757,30000,A016-R-V604R,,,2026-09-10,CAB01-MDN,MDN-HD-038,,MDN-PAR,26F13L6J,2031-05-31,,-300,-300,0,-300,0,0,Assembly,3476005,data/ile1109.xls,2026-09,2026-09-11T13:46:24.331708,2026-09-11T13:46:24.331708
2026-09-10,Assembly Consumption,Posted Assembly,PAO-2609-0757,20000,AVF1625-HC-N,,,2026-09-10,CAB01-MDN,MDN-HD-038,,MDN-PAR,26E0706J,2031-04-30,,-600,-600,0,-600,0,0,Assembly,3476004,data/ile1109.xls,2026-09,2026-09-11T13:46:24.331708,2026-09-11T13:46:24.331708
2026-09-10,Assembly Consumption,Posted Assembly,PAO-2609-0757,10000,ELISIO1-15H,,,2026-09-10,CAB01-MDN,MDN-HD-038,,MDN-PAR,25L23BHR,2028-11-30,,-300,-300,0,-300,0,0,Assembly,3476003,data/ile1109.xls,2026-09,2026-09-11T13:46:24.331708,2026-09-11T13:46:24.331708
2026-09-10,Sale,Sales Shipment,PSS-2609-1367,20000,NIC2225-N-E,,,2026-09-10,CAB01-MDN,NON-PROJECT,,MDN-PAR,26C1706J,2031-02-28,,-500,-500,0,-500,0,0, ,3476002,data/ile1109.xls,2026-09,2026-09-11T13:46:24.331708,2026-09-11T13:46:24.331708
2026-09-10,Sale,Sales Shipment,PSS-2609-1367,10000,PR-325104-50ST,,,2026-09-10,CAB01-MDN,NON-PROJECT,,MDN-PAR,ZF10KBZMD,2028-03-09,,-20,-20,0,-20,0,0, ,3476001,data/ile1109.xls,2026-09,2026-09-11T13:46:24.331708,2026-09-11T13:46:24.331708
2026-09-09,Sale,Sales Shipment,PSS-2609-1263,1000,HD SET BLMDN005-NAV,,,2026-09-09,CAB01-MDN,MDN-HD-005,,MDN-PAR,,9999-12-31,,-200,-200,0,-200,0,0, ,3474864,data/ile1109.xls,2026-09,2026-09-11T13:46:24.331708,2026-09-11T13:46:24.331708
2026-09-09,Assembly Output,Posted Assembly,PAO-2609-0680,0,HD SET BLMDN005-NAV,,,2026-09-09,CAB01-MDN,MDN-HD-005,,MDN-PAR,,9999-12-31,,200,200,0,0,0,0,Assembly,3474863,data/ile1109.xls,2026-09,2026-09-11T13:46:24.331708,2026-09-11T13:46:24.331708
2026-09-09,Assembly Consumption,Posted Assembly,PAO-2609-0680,40000,FG-SC-002,,,2026-09-09,CAB01-MDN,MDN-HD-005,,MDN-PAR,J-26-0705-06,2028-07-05,,-200,-200,0,-200,0,0,Assembly,3474862,data/ile1109.xls,2026-09,2026-09-11T13:46:24.331708,2026-09-11T13:46:24.331708
2026-09-09,Assembly Consumption,Posted Assembly,PAO-2609-0680,30000,AK1-10L,,,2026-09-09,CAB01-MDN,MDN-HD-005,,MDN-PAR,J-26-0606-1,2028-06-06,,-100,-100,0,-100,0,0,Assembly,3474861,data/ile1109.xls,2026-09,2026-09-11T13:46:24.331708,2026-09-11T13:46:24.331708
2026-09-09,Assembly Consumption,Posted Assembly,PAO-2609-0680,20000,A016-R-V604R,,,2026-09-09,CAB01-MDN,MDN-HD-005,,MDN-PAR,26F13L6J,2031-05-31,,-200,-200,0,-200,0,0,Assembly,3474860,data/ile1109.xls,2026-09,2026-09-11T13:46:24.331708,2026-09-11T13:46:24.331708
2026-09-09,Assembly Consumption,Posted Assembly,PAO-2609-0680,10000,ELISIO1-15H,,,2026-09-09,CAB01-MDN,MDN-HD-005,,MDN-PAR,25L23BHR,2028-11-30,,-200,-200,0,-200,0,0,Assembly,3474859,data/ile1109.xls,2026-09,2026-09-11T13:46:24.331708,2026-09-11T13:46:24.331708
2026-09-09,Sale,Sales Shipment,PSS-2609-1141,4000,DS50CT-R-N,,,2026-09-09,CAB01-MDN,NON-PROJECT,,MDN-PAR,25K1401J.,2030-10-31,,-40,-40,0,-40,0,0, ,3473475,data/ile1109.xls,2026-09,2026-09-11T13:46:24.331708,2026-09-11T13:46:24.331708
2026-09-09,Sale,Sales Shipment,PSS-2609-1141,3000,DS10L2138R-N,,,2026-09-09,CAB01-MDN,NON-PROJECT,,MDN-PAR,25L0110J,2030-11-30,,-1000,-1000,0,-1000,0,0, ,3473474,data/ile1109.xls,2026-09,2026-09-11T13:46:24.331708,2026-09-11T13:46:24.331708
2026-09-09,Sale,Sales Shipment,PSS-2609-1141,2000,DS03L2332R-N,,,2026-09-09,CAB01-MDN,NON-PROJECT,,MDN-PAR,25K1902J,2030-10-31,,-700,-700,0,-700,0,0, ,3473473,data/ile1109.xls,2026-09,2026-09-11T13:46:24.331708,2026-09-11T13:46:24.331708
2026-09-09,Sale,Sales Shipment,PSS-2609-1141,1000,DS05L2238R-N,,,2026-09-09,CAB01-MDN,NON-PROJECT,,MDN-PAR,25E0909J,2030-04-30,,-600,-600,0,-600,0,0, ,3473472,data/ile1109.xls,2026-09,2026-09-11T13:46:24.331708,2026-09-11T13:46:24.331708
2026-09-09,Sale,Sales Shipment,PSS-2609-1139,2000,DS03L2332R-N,,,2026-09-09,CAB01-MDN,NON-PROJECT,,MDN-PAR,25K1902J,2030-10-31,,-100,-100,0,-100,0,0, ,3473460,data/ile1109.xls,2026-09,2026-09-11T13:46:24.331708,2026-09-11T13:46:24.331708
2026-09-09,Sale,Sales Shipment,PSS-2609-1139,1000,DS05L2238R-N,,,2026-09-09,CAB01-MDN,NON-PROJECT,,MDN-PAR,25E0909J,2030-04-30,,-200,-200,0,-200,0,0, ,3473459,data/ile1109.xls,2026-09,2026-09-11T13:46:24.331708,2026-09-11T13:46:24.331708
2026-09-09,Sale,Sales Shipment,PSS-2609-1138,1000,HD SET BLMDN037,,,2026-09-09,CAB01-MDN,MDN-HD-037,,MDN-PAR,,9999-12-31,,-100,-100,0,-100,0,0, ,3473458,data/ile1109.xls,2026-09,2026-09-11T13:46:24.331708,2026-09-11T13:46:24.331708
2026-09-09,Assembly Output,Posted Assembly,PAO-2609-0615,0,HD SET BLMDN037,,,2026-09-09,CAB01-MDN,MDN-HD-037,,MDN-PAR,,9999-12-31,,100,100,0,0,0,0,Assembly,3473457,data/ile1109.xls,2026-09,2026-09-11T13:46:24.331708,2026-09-11T13:46:24.331708
2026-09-09,Assembly Consumption,Posted Assembly,PAO-2609-0615,50000,FG-SC-002,,,2026-09-09,CAB01-MDN,MDN-HD-037,,MDN-PAR,J-26-0705-05,2028-07-05,,-100,-100,0,-100,0,0,Assembly,3473456,data/ile1109.xls,2026-09,2026-09-11T13:46:24.331708,2026-09-11T13:46:24.331708
2026-09-09,Assembly Consumption,Posted Assembly,PAO-2609-0615,40000,AK1-10L,,,2026-09-09,CAB01-MDN,MDN-HD-037,,MDN-PAR,J-26-0605-9,2028-06-05,,-50,-50,0,-50,0,0,Assembly,3473455,data/ile1109.xls,2026-09,2026-09-11T13:46:24.331708,2026-09-11T13:46:24.331708
2026-09-09,Assembly Consumption,Posted Assembly,PAO-2609-0615,30000,AVF1625-HC-N,,,2026-09-09,CAB01-MDN,MDN-HD-037,,MDN-PAR,26E0706J,2031-04-30,,-200,-200,0,-200,0,0,Assembly,3473454,data/ile1109.xls,2026-09,2026-09-11T13:46:24.331708,2026-09-11T13:46:24.331708
2026-09-09,Assembly Consumption,Posted Assembly,PAO-2609-0615,20000,A016-R-V604R,,,2026-09-09,CAB01-MDN,MDN-HD-037,,MDN-PAR,26F13L6J,2031-05-31,,-100,-100,0,-100,0,0,Assembly,3473453,data/ile1109.xls,2026-09,2026-09-11T13:46:24.331708,2026-09-11T13:46:24.331708
2026-09-09,Assembly Consumption,Posted Assembly,PAO-2609-0615,10000,ELISIO1-15H,,,2026-09-09,CAB01-MDN,MDN-HD-037,,MDN-PAR,25L23BHR,2028-11-30,,-100,-100,0,-100,0,0,Assembly,3473452,data/ile1109.xls,2026-09,2026-09-11T13:46:24.331708,2026-09-11T13:46:24.331708
2026-09-09,Sale,Sales Shipment,PSS-2609-1136,1000,HD SET BLMDN023,,,2026-09-09,CAB01-MDN,MDN-HD-023,,MDN-PAR,,9999-12-31,,-350,-350,0,-350,0,0, ,3473417,data/ile1109.xls,2026-09,2026-09-11T13:46:24.331708,2026-09-11T13:46:24.331708
2026-09-09,Assembly Output,Posted Assembly,PAO-2609-0613,0,HD SET BLMDN023,,,2026-09-09,CAB01-MDN,MDN-HD-023,,MDN-PAR,,9999-12-31,,350,350,0,0,0,0,Assembly,3473416,data/ile1109.xls,2026-09,2026-09-11T13:46:24.331708,2026-09-11T13:46:24.331708
2026-09-09,Assembly Consumption,Posted Assembly,PAO-2609-0613,50000,FG-SC-002,,,2026-09-09,CAB01-MDN,MDN-HD-023,,MDN-PAR,J-26-0705-06,2028-07-05,,-350,-350,0,-350,0,0,Assembly,3473415,data/ile1109.xls,2026-09,2026-09-11T13:46:24.331708,2026-09-11T13:46:24.331708
2026-09-09,Assembly Consumption,Posted Assembly,PAO-2609-0613,40000,AK1-10L,,,2026-09-09,CAB01-MDN,MDN-HD-023,,MDN-PAR,J-26-0605-9,2028-06-05,,-175,-175,0,-175,0,0,Assembly,3473414,data/ile1109.xls,2026-09,2026-09-11T13:46:24.331708,2026-09-11T13:46:24.331708
2026-09-09,Assembly Consumption,Posted Assembly,PAO-2609-0613,30000,AVF1625-HC-N,,,2026-09-09,CAB01-MDN,MDN-HD-023,,MDN-PAR,26E0706J,2031-04-30,,-700,-700,0,-700,0,0,Assembly,3473413,data/ile1109.xls,2026-09,2026-09-11T13:46:24.331708,2026-09-11T13:46:24.331708
2026-09-09,Assembly Consumption,Posted Assembly,PAO-2609-0613,20000,A016-R-V604R,,,2026-09-09,CAB01-MDN,MDN-HD-023,,MDN-PAR,26F13L6J,2031-05-31,,-350,-350,0,-350,0,0,Assembly,3473412,data/ile1109.xls,2026-09,2026-09-11T13:46:24.331708,2026-09-11T13:46:24.331708
2026-09-09,Assembly Consumption,Posted Assembly,PAO-2609-0613,10000,ELISIO1-15H,,,2026-09-09,CAB01-MDN,MDN-HD-023,,MDN-PAR,25L23BHR,2028-11-30,,-350,-350,0,-350,0,0,Assembly,3473411,data/ile1109.xls,2026-09,2026-09-11T13:46:24.331708,2026-09-11T13:46:24.331708
2026-09-09,Sale,Sales Shipment,PSS-2609-1135,1000,HD SET BLMDN036,,,2026-09-09,CAB01-MDN,MDN-HD-036,,MDN-PAR,,9999-12-31,,-100,-100,0,-100,0,0, ,3473405,data/ile1109.xls,2026-09,2026-09-11T13:46:24.331708,2026-09-11T13:46:24.331708
2026-09-09,Assembly Output,Posted Assembly,PAO-2609-0612,0,HD SET BLMDN036,,,2026-09-09,CAB01-MDN,MDN-HD-036,,MDN-PAR,,9999-12-31,,100,100,0,0,0,0,Assembly,3473404,data/ile1109.xls,2026-09,2026-09-11T13:46:24.331708,2026-09-11T13:46:24.331708
2026-09-09,Assembly Consumption,Posted Assembly,PAO-2609-0612,50000,FG-SC-002,,,2026-09-09,CAB01-MDN,MDN-HD-036,,MDN-PAR,J-26-0705-05,2028-07-05,,-100,-100,0,-100,0,0,Assembly,3473403,data/ile1109.xls,2026-09,2026-09-11T13:46:24.331708,2026-09-11T13:46:24.331708
2026-09-09,Assembly Consumption,Posted Assembly,PAO-2609-0612,40000,AK1-10L,,,2026-09-09,CAB01-MDN,MDN-HD-036,,MDN-PAR,J-26-0605-9,2028-06-05,,-50,-50,0,-50,0,0,Assembly,3473402,data/ile1109.xls,2026-09,2026-09-11T13:46:24.331708,2026-09-11T13:46:24.331708
2026-09-09,Assembly Consumption,Posted Assembly,PAO-2609-0612,30000,AVF1625-HC-N,,,2026-09-09,CAB01-MDN,MDN-HD-036,,MDN-PAR,26E0706J,2031-04-30,,-200,-200,0,-200,0,0,Assembly,3473401,data/ile1109.xls,2026-09,2026-09-11T13:46:24.331708,2026-09-11T13:46:24.331708
2026-09-09,Assembly Consumption,Posted Assembly,PAO-2609-0612,20000,A016-R-V604R,,,2026-09-09,CAB01-MDN,MDN-HD-036,,MDN-PAR,26F13L6J,2031-05-31,,-100,-100,0,-100,0,0,Assembly,3473400,data/ile1109.xls,2026-09,2026-09-11T13:46:24.331708,2026-09-11T13:46:24.331708
2026-09-09,Assembly Consumption,Posted Assembly,PAO-2609-0612,10000,ELISIO1-15H,,,2026-09-09,CAB01-MDN,MDN-HD-036,,MDN-PAR,25L23BHR,2028-11-30,,-100,-100,0,-100,0,0,Assembly,3473399,data/ile1109.xls,2026-09,2026-09-11T13:46:24.331708,2026-09-11T13:46:24.331708
2026-09-08,Sale,Sales Shipment,PSS-2609-1042,5000,FG-SC-002,,,2026-09-08,CAB01-MDN,MDN-HD-014,,MDN-PAR,J-26-0705-05,2028-07-05,,-701,-701,0,-701,0,0, ,3472310,data/ile1109.xls,2026-09,2026-09-11T13:46:24.331708,2026-09-11T13:46:24.331708
2026-09-08,Sale,Sales Shipment,PSS-2609-1042,5000,FG-SC-002,,,2026-09-08,CAB01-MDN,MDN-HD-014,,MDN-PAR,J-26-0705-04,2028-07-05,,-99,-99,0,-99,0,0, ,3472309,data/ile1109.xls,2026-09,2026-09-11T13:46:24.331708,2026-09-11T13:46:24.331708
2026-09-08,Sale,Sales Shipment,PSS-2609-1042,4000,A016-R-V604R,,,2026-09-08,CAB01-MDN,MDN-HD-014,,MDN-PAR,26F13L6J,2031-05-31,,-491,-491,0,-491,0,0, ,3472308,data/ile1109.xls,2026-09,2026-09-11T13:46:24.331708,2026-09-11T13:46:24.331708
2026-09-08,Sale,Sales Shipment,PSS-2609-1042,4000,A016-R-V604R,,,2026-09-08,CAB01-MDN,MDN-HD-014,,MDN-PAR,26E30L5J,2031-04-30,,-307,-307,0,-307,0,0, ,3472307,data/ile1109.xls,2026-09,2026-09-11T13:46:24.331708,2026-09-11T13:46:24.331708
2026-09-08,Sale,Sales Shipment,PSS-2609-1042,4000,A016-R-V604R,,,2026-09-08,CAB01-MDN,MDN-HD-014,,MDN-PAR,26E29L5J,2031-04-30,,-2,-2,0,-2,0,0, ,3472306,data/ile1109.xls,2026-09,2026-09-11T13:46:24.331708,2026-09-11T13:46:24.331708
2026-09-08,Sale,Sales Shipment,PSS-2609-1042,3000,AK1-10L,,,2026-09-08,CAB01-MDN,MDN-HD-014,,MDN-PAR,J-26-0605-9,2028-06-05,,-87,-87,0,-87,0,0, ,3472305,data/ile1109.xls,2026-09,2026-09-11T13:46:24.331708,2026-09-11T13:46:24.331708
2026-09-08,Sale,Sales Shipment,PSS-2609-1042,3000,AK1-10L,,,2026-09-08,CAB01-MDN,MDN-HD-014,,MDN-PAR,J-26-0605-4,2028-06-05,,-126,-126,0,-126,0,0, ,3472304,data/ile1109.xls,2026-09,2026-09-11T13:46:24.331708,2026-09-11T13:46:24.331708
2026-09-08,Sale,Sales Shipment,PSS-2609-1042,3000,AK1-10L,,,2026-09-08,CAB01-MDN,MDN-HD-014,,MDN-PAR,J-26-0525-6,2028-05-25,,-187,-187,0,-187,0,0, ,3472303,data/ile1109.xls,2026-09,2026-09-11T13:46:24.331708,2026-09-11T13:46:24.331708
2026-09-08,Sale,Sales Shipment,PSS-2609-1042,2000,ELISIO1-13H,,,2026-09-08,CAB01-MDN,MDN-HD-014,,MDN-PAR,25K22DHR,2028-10-31,,-200,-200,0,-200,0,0, ,3472302,data/ile1109.xls,2026-09,2026-09-11T13:46:24.331708,2026-09-11T13:46:24.331708
2026-09-08,Sale,Sales Shipment,PSS-2609-1042,1000,AVF1625-HC-N,,,2026-09-08,CAB01-MDN,MDN-HD-014,,MDN-PAR,26E0706J,2031-04-30,,-1600,-1600,0,-1600,0,0, ,3472301,data/ile1109.xls,2026-09,2026-09-11T13:46:24.331708,2026-09-11T13:46:24.331708
2026-09-08,Sale,Sales Shipment,PSS-2609-1003,40000,DS05L2238R-N,,,2026-09-08,CAB01-MDN,NON-PROJECT,,MDN-PAR,25E0909J,2030-04-30,,-10000,-10000,0,-10000,0,0, ,3471901,data/ile1109.xls,2026-09,2026-09-11T13:46:24.331708,2026-09-11T13:46:24.331708
2026-09-08,Sale,Sales Shipment,PSS-2609-1003,30000,DS10L2138R-N,,,2026-09-08,CAB01-MDN,NON-PROJECT,,MDN-PAR,25L0110J,2030-11-30,,-10000,-10000,0,-10000,0,0, ,3471900,data/ile1109.xls,2026-09,2026-09-11T13:46:24.331708,2026-09-11T13:46:24.331708
2026-09-08,Sale,Sales Shipment,PSS-2609-1003,20000,DS03L2332R-N,,,2026-09-08,CAB01-MDN,NON-PROJECT,,MDN-PAR,25K1902J,2030-10-31,,-10114,-10114,0,-10114,0,0, ,3471899,data/ile1109.xls,2026-09,2026-09-11T13:46:24.331708,2026-09-11T13:46:24.331708
2026-09-08,Sale,Sales Shipment,PSS-2609-1003,20000,DS03L2332R-N,,,2026-09-08,CAB01-MDN,NON-PROJECT,,MDN-PAR,25K0902J,2030-10-31,,-9886,-9886,0,-9886,0,0, ,3471898,data/ile1109.xls,2026-09,2026-09-11T13:46:24.331708,2026-09-11T13:46:24.331708
2026-09-08,Sale,Sales Shipment,PSS-2609-1003,10000,DS01T2613R-N,,,2026-09-08,CAB01-MDN,NON-PROJECT,,MDN-PAR,25G1301J,2030-06-30,,-2000,-2000,0,-2000,0,0, ,3471897,data/ile1109.xls,2026-09,2026-09-11T13:46:24.331708,2026-09-11T13:46:24.331708
2026-09-08,Sale,Sales Shipment,PSS-2609-0958,5000,AK1-10L,,,2026-09-08,CAB01-MDN,MDN-HD-020,,MDN-PAR,J-26-0525-6,2028-05-25,,-166,-166,0,-166,0,0, ,3471324,data/ile1109.xls,2026-09,2026-09-11T13:46:24.331708,2026-09-11T13:46:24.331708
2026-09-08,Sale,Sales Shipment,PSS-2609-0958,5000,AK1-10L,,,2026-09-08,CAB01-MDN,MDN-HD-020,,MDN-PAR,J-26-0525-4,2028-05-25,,-15,-15,0,-15,0,0, ,3471323,data/ile1109.xls,2026-09,2026-09-11T13:46:24.331708,2026-09-11T13:46:24.331708
2026-09-08,Sale,Sales Shipment,PSS-2609-0958,5000,AK1-10L,,,2026-09-08,CAB01-MDN,MDN-HD-020,,MDN-PAR,J-26-0525-2,2028-05-25,,-113,-113,0,-113,0,0, ,3471322,data/ile1109.xls,2026-09,2026-09-11T13:46:24.331708,2026-09-11T13:46:24.331708
2026-09-08,Sale,Sales Shipment,PSS-2609-0958,5000,AK1-10L,,,2026-09-08,CAB01-MDN,MDN-HD-020,,MDN-PAR,J-26-0513-5,2028-05-13,,-6,-6,0,-6,0,0, ,3471321,data/ile1109.xls,2026-09,2026-09-11T13:46:24.331708,2026-09-11T13:46:24.331708
2026-09-08,Sale,Sales Shipment,PSS-2609-0958,4000,FG-SC-002,,,2026-09-08,CAB01-MDN,MDN-HD-020,,MDN-PAR,J-26-0705-04,2028-07-05,,-362,-362,0,-362,0,0, ,3471320,data/ile1109.xls,2026-09,2026-09-11T13:46:24.331708,2026-09-11T13:46:24.331708
2026-09-08,Sale,Sales Shipment,PSS-2609-0958,4000,FG-SC-002,,,2026-09-08,CAB01-MDN,MDN-HD-020,,MDN-PAR,J-26-0705-02,2028-07-05,,-161,-161,0,-161,0,0, ,3471319,data/ile1109.xls,2026-09,2026-09-11T13:46:24.331708,2026-09-11T13:46:24.331708
2026-09-08,Sale,Sales Shipment,PSS-2609-0958,4000,FG-SC-002,,,2026-09-08,CAB01-MDN,MDN-HD-020,,MDN-PAR,J-26-0705-01,2028-07-05,,-42,-42,0,-42,0,0, ,3471318,data/ile1109.xls,2026-09,2026-09-11T13:46:24.331708,2026-09-11T13:46:24.331708
2026-09-08,Sale,Sales Shipment,PSS-2609-0958,4000,FG-SC-002,,,2026-09-08,CAB01-MDN,MDN-HD-020,,MDN-PAR,J-26-0704-13,2028-07-04,,-35,-35,0,-35,0,0, ,3471317,data/ile1109.xls,2026-09,2026-09-11T13:46:24.331708,2026-09-11T13:46:24.331708
2026-09-08,Sale,Sales Shipment,PSS-2609-0958,3000,AVF1625-HC-N,,,2026-09-08,CAB01-MDN,MDN-HD-020,,MDN-PAR,26E0706J,2031-04-30,,-1200,-1200,0,-1200,0,0, ,3471316,data/ile1109.xls,2026-09,2026-09-11T13:46:24.331708,2026-09-11T13:46:24.331708
2026-09-08,Sale,Sales Shipment,PSS-2609-0958,2000,A016-R-V604R,,,2026-09-08,CAB01-MDN,MDN-HD-020,,MDN-PAR,26F13L6J,2031-05-31,,-600,-600,0,-600,0,0, ,3471315,data/ile1109.xls,2026-09,2026-09-11T13:46:24.331708,2026-09-11T13:46:24.331708
2026-09-08,Sale,Sales Shipment,PSS-2609-0958,1000,ELISIO1-15H,,,2026-09-08,CAB01-MDN,MDN-HD-020,,MDN-PAR,25L23BHR,2028-11-30,,-600,-600,0,-600,0,0, ,3471314,data/ile1109.xls,2026-09,2026-09-11T13:46:24.331708,2026-09-11T13:46:24.331708
2026-09-08,Sale,Sales Shipment,PSS-2609-0956,2000,7022V PDM-12-PINK,,,2026-09-08,CAB01-MDN,NON-PROJECT,,MDN-PAR,31926838,9999-12-31,,-1000,-1000,0,-1000,0,0, ,3471305,data/ile1109.xls,2026-09,2026-09-11T13:46:24.331708,2026-09-11T13:46:24.331708
2026-09-08,Sale,Sales Shipment,PSS-2609-0956,1000,7022V PDM-13-BLUE,,,2026-09-08,CAB01-MDN,NON-PROJECT,,MDN-PAR,33673089,9999-12-31,,-1000,-1000,0,-1000,0,0, ,3471304,data/ile1109.xls,2026-09,2026-09-11T13:46:24.331708,2026-09-11T13:46:24.331708
2026-09-08,Sale,Sales Shipment,PSS-2609-0953,1000,7022V PDM-12-PINK,,,2026-09-08,CAB01-MDN,NON-PROJECT,,MDN-PAR,31926838,9999-12-31,,-500,-500,0,-500,0,0, ,3471299,data/ile1109.xls,2026-09,2026-09-11T13:46:24.331708,2026-09-11T13:46:24.331708
2026-09-08,Sale,Sales Shipment,PSS-2609-0949,2000,NIC2025-N-E,,,2026-09-08,CAB01-MDN,NON-PROJECT,,MDN-PAR,26D1406J,2031-03-31,,-150,-150,0,-150,0,0, ,3471288,data/ile1109.xls,2026-09,2026-09-11T13:46:24.331708,2026-09-11T13:46:24.331708
2026-09-08,Sale,Sales Shipment,PSS-2609-0949,1000,NIC2225-N-E,,,2026-09-08,CAB01-MDN,NON-PROJECT,,MDN-PAR,26C1706J,2031-02-28,,-150,-150,0,-150,0,0, ,3471287,data/ile1109.xls,2026-09,2026-09-11T13:46:24.331708,2026-09-11T13:46:24.331708
2026-09-08,Sale,Sales Shipment,PSS-2609-0947,1000,HD SET BLMDN007-NAVF,,,2026-09-08,CAB01-MDN,MDN-HD-007,,MDN-PAR,,9999-12-31,,-500,0,0,-500,0,0, ,3471285,data/ile1109.xls,2026-09,2026-09-11T13:46:24.331708,2026-09-11T13:46:24.331708
2026-09-08,Assembly Output,Posted Assembly,PAO-2609-0518,0,HD SET BLMDN007-NAVF,,,2026-09-08,CAB01-MDN,MDN-HD-007,,MDN-PAR,,9999-12-31,,500,500,0,0,0,0,Assembly,3471284,data/ile1109.xls,2026-09,2026-09-11T13:46:24.331708,2026-09-11T13:46:24.331708
2026-09-08,Assembly Consumption,Posted Assembly,PAO-2609-0518,40000,FG-SC-002,,,2026-09-08,CAB01-MDN,MDN-HD-007,,MDN-PAR,J-26-0705-04,2028-07-05,,-500,-500,0,-500,0,0,Assembly,3471283,data/ile1109.xls,2026-09,2026-09-11T13:46:24.331708,2026-09-11T13:46:24.331708
2026-09-08,Assembly Consumption,Posted Assembly,PAO-2609-0518,30000,AK1-10L,,,2026-09-08,CAB01-MDN,MDN-HD-007,,MDN-PAR,J-26-0525-4,2028-05-25,,-250,-250,0,-250,0,0,Assembly,3471282,data/ile1109.xls,2026-09,2026-09-11T13:46:24.331708,2026-09-11T13:46:24.331708
2026-09-08,Assembly Consumption,Posted Assembly,PAO-2609-0518,20000,A016-R-V604R,,,2026-09-08,CAB01-MDN,MDN-HD-007,,MDN-PAR,26E30L5J,2031-04-30,,-500,-500,0,-500,0,0,Assembly,3471281,data/ile1109.xls,2026-09,2026-09-11T13:46:24.331708,2026-09-11T13:46:24.331708
2026-09-08,Assembly Consumption,Posted Assembly,PAO-2609-0518,10000,ELISIO1-15H,,,2026-09-08,CAB01-MDN,MDN-HD-007,,MDN-PAR,25L23BHR,2028-11-30,,-500,-500,0,-500,0,0,Assembly,3471280,data/ile1109.xls,2026-09,2026-09-11T13:46:24.331708,2026-09-11T13:46:24.331708
2026-09-07,Sale,Sales Shipment,PSS-2609-0800,1000,HD SET BLMDN005-ANAK,,,2026-09-07,CAB01-MDN,MDN-HD-005,,MDN-PAR,,9999-12-31,,-10,-10,0,-10,0,0, ,3469194,data/ile1109.xls,2026-09,2026-09-11T13:46:24.331708,2026-09-11T13:46:24.331708
2026-09-07,Assembly Output,Posted Assembly,PAO-2609-0444,0,HD SET BLMDN005-ANAK,,,2026-09-07,CAB01-MDN,MDN-HD-005,,MDN-PAR,,9999-12-31,,10,10,0,0,0,0,Assembly,3469193,data/ile1109.xls,2026-09,2026-09-11T13:46:24.331708,2026-09-11T13:46:24.331708
2026-09-07,Assembly Consumption,Posted Assembly,PAO-2609-0444,50000,FG-SC-002,,,2026-09-07,CAB01-MDN,MDN-HD-005,,MDN-PAR,J-26-0704-13,2028-07-04,,-10,-10,0,-10,0,0,Assembly,3469192,data/ile1109.xls,2026-09,2026-09-11T13:46:24.331708,2026-09-11T13:46:24.331708
2026-09-07,Assembly Consumption,Posted Assembly,PAO-2609-0444,40000,AK1-10L,,,2026-09-07,CAB01-MDN,MDN-HD-005,,MDN-PAR,J-26-0513-5,2028-05-13,,-5,-5,0,-5,0,0,Assembly,3469191,data/ile1109.xls,2026-09,2026-09-11T13:46:24.331708,2026-09-11T13:46:24.331708
2026-09-07,Assembly Consumption,Posted Assembly,PAO-2609-0444,30000,A133-V702,,,2026-09-07,CAB01-MDN,MDN-HD-005,,MDN-PAR,26F20,2031-05-31,,-4,-4,0,-4,0,0,Assembly,3469190,data/ile1109.xls,2026-09,2026-09-11T13:46:24.331708,2026-09-11T13:46:24.331708
2026-09-07,Assembly Consumption,Posted Assembly,PAO-2609-0444,30000,A133-V702,,,2026-09-07,CAB01-MDN,MDN-HD-005,,MDN-PAR,26C12,2031-02-28,,-6,-6,0,-6,0,0,Assembly,3469189,data/ile1109.xls,2026-09,2026-09-11T13:46:24.331708,2026-09-11T13:46:24.331708
2026-09-07,Assembly Consumption,Posted Assembly,PAO-2609-0444,20000,AVF1632-HC-N,,,2026-09-07,CAB01-MDN,MDN-HD-005,,MDN-PAR,25B0406J,2030-01-31,,-20,-20,0,-20,0,0,Assembly,3469188,data/ile1109.xls,2026-09,2026-09-11T13:46:24.331708,2026-09-11T13:46:24.331708
2026-09-07,Assembly Consumption,Posted Assembly,PAO-2609-0444,10000,SFE09,,,2026-09-07,CAB01-MDN,MDN-HD-005,,MDN-PAR,26E11AR,2029-04-30,,-10,-10,0,-10,0,0,Assembly,3469187,data/ile1109.xls,2026-09,2026-09-11T13:46:24.331708,2026-09-11T13:46:24.331708
2026-09-07,Sale,Sales Shipment,PSS-2609-0798,3000,NIC2225-N-E,,,2026-09-07,CAB01-MDN,NON-PROJECT,,MDN-PAR,26C1706J,2031-02-28,,-1000,-1000,0,-1000,0,0, ,3469184,data/ile1109.xls,2026-09,2026-09-11T13:46:24.331708,2026-09-11T13:46:24.331708
2026-09-07,Sale,Sales Shipment,PSS-2609-0798,2000,NIC2025-N-E,,,2026-09-07,CAB01-MDN,NON-PROJECT,,MDN-PAR,26D1406J,2031-03-31,,-500,-500,0,-500,0,0, ,3469183,data/ile1109.xls,2026-09,2026-09-11T13:46:24.331708,2026-09-11T13:46:24.331708
2026-09-07,Sale,Sales Shipment,PSS-2609-0798,1000,NIC2420-N-E,,,2026-09-07,CAB01-MDN,NON-PROJECT,,MDN-PAR,26C3106J,2031-02-28,,-300,-300,0,-300,0,0, ,3469182,data/ile1109.xls,2026-09,2026-09-11T13:46:24.331708,2026-09-11T13:46:24.331708
2026-09-07,Sale,Sales Shipment,PSS-2609-0797,1000,PR-325104-50ST,,,2026-09-07,CAB01-MDN,NON-PROJECT,,MDN-PAR,ZF10KBZMD,2028-03-09,,-40,-40,0,-40,0,0, ,3469181,data/ile1109.xls,2026-09,2026-09-11T13:46:24.331708,2026-09-11T13:46:24.331708
2026-09-07,Sale,Sales Shipment,PSS-2609-0795,2000,NIC2225-N-E,,,2026-09-07,CAB01-MDN,NON-PROJECT,,MDN-PAR,26C1706J,2031-02-28,,-1650,-1650,0,-1650,0,0, ,3469168,data/ile1109.xls,2026-09,2026-09-11T13:46:24.331708,2026-09-11T13:46:24.331708
2026-09-07,Sale,Sales Shipment,PSS-2609-0795,1000,NIC2025-N-E,,,2026-09-07,CAB01-MDN,NON-PROJECT,,MDN-PAR,26D1406J,2031-03-31,,-100,-100,0,-100,0,0, ,3469167,data/ile1109.xls,2026-09,2026-09-11T13:46:24.331708,2026-09-11T13:46:24.331708
2026-09-07,Sale,Sales Shipment,PSS-2609-0795,1000,NIC2025-N-E,,,2026-09-07,CAB01-MDN,NON-PROJECT,,MDN-PAR,24G1206J,2029-06-30,,-100,-100,0,-100,0,0, ,3469166,data/ile1109.xls,2026-09,2026-09-11T13:46:24.331708,2026-09-11T13:46:24.331708
2026-09-07,Sale,Sales Shipment,PSS-2609-0795,1000,NIC2025-N-E,,,2026-09-07,CAB01-MDN,NON-PROJECT,,MDN-PAR,25L2106J,2030-11-30,,-350,-350,0,-350,0,0, ,3469165,data/ile1109.xls,2026-09,2026-09-11T13:46:24.331708,2026-09-11T13:46:24.331708
2026-09-07,Sale,Sales Shipment,PSS-2609-0759,1000,HD SET BLMDN033-NAK,,,2026-09-07,CAB01-MDN,MDN-HD-033,,MDN-PAR,,9999-12-31,,-119,-119,0,-119,0,0, ,3468745,data/ile1109.xls,2026-09,2026-09-11T13:46:24.331708,2026-09-11T13:46:24.331708
2026-09-07,Assembly Output,Posted Assembly,PAO-2609-0416,0,HD SET BLMDN033-NAK,,,2026-09-07,CAB01-MDN,MDN-HD-033,,MDN-PAR,,9999-12-31,,119,119,0,0,0,0,Assembly,3468744,data/ile1109.xls,2026-09,2026-09-11T13:46:24.331708,2026-09-11T13:46:24.331708
2026-09-07,Assembly Consumption,Posted Assembly,PAO-2609-0416,40000,FG-SC-002,,,2026-09-07,CAB01-MDN,MDN-HD-033,,MDN-PAR,J-26-0705-01,2028-07-05,,-119,-119,0,-119,0,0,Assembly,3468743,data/ile1109.xls,2026-09,2026-09-11T13:46:24.331708,2026-09-11T13:46:24.331708
2026-09-07,Assembly Consumption,Posted Assembly,PAO-2609-0416,30000,AVF1625-HC-N,,,2026-09-07,CAB01-MDN,MDN-HD-033,,MDN-PAR,26E0706J,2031-04-30,,-238,-238,0,-238,0,0,Assembly,3468742,data/ile1109.xls,2026-09,2026-09-11T13:46:24.331708,2026-09-11T13:46:24.331708
2026-09-07,Assembly Consumption,Posted Assembly,PAO-2609-0416,20000,A016-R-V604R,,,2026-09-07,CAB01-MDN,MDN-HD-033,,MDN-PAR,26E30L5J,2031-04-30,,-119,-119,0,-119,0,0,Assembly,3468741,data/ile1109.xls,2026-09,2026-09-11T13:46:24.331708,2026-09-11T13:46:24.331708
2026-09-07,Assembly Consumption,Posted Assembly,PAO-2609-0416,10000,ELISIO1-15H,,,2026-09-07,CAB01-MDN,MDN-HD-033,,MDN-PAR,26A17CHR,2028-12-31,,-119,-119,0,-119,0,0,Assembly,3468740,data/ile1109.xls,2026-09,2026-09-11T13:46:24.331708,2026-09-11T13:46:24.331708
2026-09-07,Sale,Sales Shipment,PSS-2609-0757,1000,HD SET BLMDN033,,,2026-09-07,CAB01-MDN,MDN-HD-033,,MDN-PAR,,9999-12-31,,-200,-200,0,-200,0,0, ,3468720,data/ile1109.xls,2026-09,2026-09-11T13:46:24.331708,2026-09-11T13:46:24.331708
2026-09-07,Assembly Output,Posted Assembly,PAO-2609-0414,0,HD SET BLMDN033,,,2026-09-07,CAB01-MDN,MDN-HD-033,,MDN-PAR,,9999-12-31,,200,200,0,0,0,0,Assembly,3468719,data/ile1109.xls,2026-09,2026-09-11T13:46:24.331708,2026-09-11T13:46:24.331708
2026-09-07,Assembly Consumption,Posted Assembly,PAO-2609-0414,50000,FG-SC-002,,,2026-09-07,CAB01-MDN,MDN-HD-033,,MDN-PAR,J-26-0704-13,2028-07-04,,-116,-116,0,-116,0,0,Assembly,3468718,data/ile1109.xls,2026-09,2026-09-11T13:46:24.331708,2026-09-11T13:46:24.331708
2026-09-07,Assembly Consumption,Posted Assembly,PAO-2609-0414,50000,FG-SC-002,,,2026-09-07,CAB01-MDN,MDN-HD-033,,MDN-PAR,J-26-0704-09,2028-07-04,,-1,-1,0,-1,0,0,Assembly,3468717,data/ile1109.xls,2026-09,2026-09-11T13:46:24.331708,2026-09-11T13:46:24.331708
2026-09-07,Assembly Consumption,Posted Assembly,PAO-2609-0414,50000,FG-SC-002,,,2026-09-07,CAB01-MDN,MDN-HD-033,,MDN-PAR,J-26-0704-12,2028-07-04,,-83,-83,0,-83,0,0,Assembly,3468716,data/ile1109.xls,2026-09,2026-09-11T13:46:24.331708,2026-09-11T13:46:24.331708
2026-09-07,Assembly Consumption,Posted Assembly,PAO-2609-0414,40000,AK1-10L,,,2026-09-07,CAB01-MDN,MDN-HD-033,,MDN-PAR,J-26-0513-5,2028-05-13,,-1,-1,0,-1,0,0,Assembly,3468715,data/ile1109.xls,2026-09,2026-09-11T13:46:24.331708,2026-09-11T13:46:24.331708
2026-09-07,Assembly Consumption,Posted Assembly,PAO-2609-0414,40000,AK1-10L,,,2026-09-07,CAB01-MDN,MDN-HD-033,,MDN-PAR,J-26-0523-1,2028-05-23,,-31,-31,0,-31,0,0,Assembly,3468714,data/ile1109.xls,2026-09,2026-09-11T13:46:24.331708,2026-09-11T13:46:24.331708
2026-09-07,Assembly Consumption,Posted Assembly,PAO-2609-0414,40000,AK1-10L,,,2026-09-07,CAB01-MDN,MDN-HD-033,,MDN-PAR,J-26-0513-9,2028-05-13,,-68,-68,0,-68,0,0,Assembly,3468713,data/ile1109.xls,2026-09,2026-09-11T13:46:24.331708,2026-09-11T13:46:24.331708
2026-09-07,Assembly Consumption,Posted Assembly,PAO-2609-0414,30000,AVF1625-HC-N,,,2026-09-07,CAB01-MDN,MDN-HD-033,,MDN-PAR,26E0706J,2031-04-30,,-400,-400,0,-400,0,0,Assembly,3468712,data/ile1109.xls,2026-09,2026-09-11T13:46:24.331708,2026-09-11T13:46:24.331708
2026-09-07,Assembly Consumption,Posted Assembly,PAO-2609-0414,20000,A016-R-V604R,,,2026-09-07,CAB01-MDN,MDN-HD-033,,MDN-PAR,26E30L5J,2031-04-30,,-200,-200,0,-200,0,0,Assembly,3468711,data/ile1109.xls,2026-09,2026-09-11T13:46:24.331708,2026-09-11T13:46:24.331708
2026-09-07,Assembly Consumption,Posted Assembly,PAO-2609-0414,10000,ELISIO1-15H,,,2026-09-07,CAB01-MDN,MDN-HD-033,,MDN-PAR,26A17CHR,2028-12-31,,-200,-200,0,-200,0,0,Assembly,3468710,data/ile1109.xls,2026-09,2026-09-11T13:46:24.331708,2026-09-11T13:46:24.331708
2026-09-04,Sale,Sales Shipment,PSS-2609-0728,2000,DS03L2332R-N,,,2026-09-04,CAB01-MDN,NON-PROJECT,,MDN-PAR,25K0902J,2030-10-31,,-500,-500,0,-500,0,0, ,3468347,data/ile1109.xls,2026-09,2026-09-11T13:46:24.331708,2026-09-11T13:46:24.331708
2026-09-04,Sale,Sales Shipment,PSS-2609-0728,1000,PR-325104-50ST,,,2026-09-04,CAB01-MDN,NON-PROJECT,,MDN-PAR,ZF10KBZMD,2028-03-09,,-20,-20,0,-20,0,0, ,3468346,data/ile1109.xls,2026-09,2026-09-11T13:46:24.331708,2026-09-11T13:46:24.331708
2026-09-04,Sale,Sales Shipment,PSS-2609-0712,1000,HD SET BLMDN025,,,2026-09-04,CAB01-MDN,MDN-HD-025,,MDN-PAR,,9999-12-31,,-400,-400,0,-400,0,0, ,3468105,data/ile1109.xls,2026-09,2026-09-11T13:46:24.331708,2026-09-11T13:46:24.331708
2026-09-04,Assembly Output,Posted Assembly,PAO-2609-0394,0,HD SET BLMDN025,,,2026-09-04,CAB01-MDN,MDN-HD-025,,MDN-PAR,,9999-12-31,,400,400,0,0,0,0,Assembly,3468104,data/ile1109.xls,2026-09,2026-09-11T13:46:24.331708,2026-09-11T13:46:24.331708
2026-09-04,Assembly Consumption,Posted Assembly,PAO-2609-0394,50000,FG-SC-002,,,2026-09-04,CAB01-MDN,MDN-HD-025,,MDN-PAR,J-26-0704-12,2028-07-04,,-78,-78,0,-78,0,0,Assembly,3468103,data/ile1109.xls,2026-09,2026-09-11T13:46:24.331708,2026-09-11T13:46:24.331708
2026-09-04,Assembly Consumption,Posted Assembly,PAO-2609-0394,50000,FG-SC-002,,,2026-09-04,CAB01-MDN,MDN-HD-025,,MDN-PAR,J-26-0704-11,2028-07-04,,-161,-161,0,-161,0,0,Assembly,3468102,data/ile1109.xls,2026-09,2026-09-11T13:46:24.331708,2026-09-11T13:46:24.331708
2026-09-04,Assembly Consumption,Posted Assembly,PAO-2609-0394,50000,FG-SC-002,,,2026-09-04,CAB01-MDN,MDN-HD-025,,MDN-PAR,J-26-0704-10,2028-07-04,,-161,-161,0,-161,0,0,Assembly,3468101,data/ile1109.xls,2026-09,2026-09-11T13:46:24.331708,2026-09-11T13:46:24.331708
2026-09-04,Assembly Consumption,Posted Assembly,PAO-2609-0394,40000,AK1-10L,,,2026-09-04,CAB01-MDN,MDN-HD-025,,MDN-PAR,J-26-0525-2,2028-05-25,,-200,-200,0,-200,0,0,Assembly,3468100,data/ile1109.xls,2026-09,2026-09-11T13:46:24.331708,2026-09-11T13:46:24.331708
2026-09-04,Assembly Consumption,Posted Assembly,PAO-2609-0394,30000,A016-R-V604R,,,2026-09-04,CAB01-MDN,MDN-HD-025,,MDN-PAR,26E30L5J,2031-04-30,,-400,-400,0,-400,0,0,Assembly,3468099,data/ile1109.xls,2026-09,2026-09-11T13:46:24.331708,2026-09-11T13:46:24.331708
2026-09-04,Assembly Consumption,Posted Assembly,PAO-2609-0394,20000,AVF1625-HC-N,,,2026-09-04,CAB01-MDN,MDN-HD-025,,MDN-PAR,26E0706J,2031-04-30,,-800,-800,0,-800,0,0,Assembly,3468098,data/ile1109.xls,2026-09,2026-09-11T13:46:24.331708,2026-09-11T13:46:24.331708
2026-09-04,Assembly Consumption,Posted Assembly,PAO-2609-0394,10000,ELISIO1-15H,,,2026-09-04,CAB01-MDN,MDN-HD-025,,MDN-PAR,26A17CHR,2028-12-31,,-400,-400,0,-400,0,0,Assembly,3468097,data/ile1109.xls,2026-09,2026-09-11T13:46:24.331708,2026-09-11T13:46:24.331708
2026-09-04,Sale,Sales Shipment,PSS-2609-0661,4000,7702-49 PDL-PPINK,,,2026-09-04,CAB01-MDN,NON-PROJECT,,MDN-PAR,34183717,9999-12-31,,-400,-400,0,-400,0,0, ,3467297,data/ile1109.xls,2026-09,2026-09-11T13:46:24.331708,2026-09-11T13:46:24.331708
2026-09-04,Sale,Sales Shipment,PSS-2609-0661,3000,7022V PDM-13-BLUE,,,2026-09-04,CAB01-MDN,NON-PROJECT,,MDN-PAR,33673089,9999-12-31,,-1000,-1000,0,-1000,0,0, ,3467296,data/ile1109.xls,2026-09,2026-09-11T13:46:24.331708,2026-09-11T13:46:24.331708
2026-09-04,Sale,Sales Shipment,PSS-2609-0661,2000,7701-49 PDL-PBLUE,,,2026-09-04,CAB01-MDN,NON-PROJECT,,MDN-PAR,33049788,9999-12-31,,-400,-400,0,-400,0,0, ,3467295,data/ile1109.xls,2026-09,2026-09-11T13:46:24.331708,2026-09-11T13:46:24.331708
2026-09-04,Sale,Sales Shipment,PSS-2609-0661,1000,7022V PDM-12-PINK,,,2026-09-04,CAB01-MDN,NON-PROJECT,,MDN-PAR,31926838,9999-12-31,,-1000,-1000,0,-1000,0,0, ,3467294,data/ile1109.xls,2026-09,2026-09-11T13:46:24.331708,2026-09-11T13:46:24.331708
2026-09-04,Sale,Sales Shipment,PSS-2609-0639,6000,NIC2025-N-E,,,2026-09-04,CAB01-MDN,NON-PROJECT,,MDN-PAR,24G1206J,2029-06-30,,-100,-100,0,-100,0,0, ,3467124,data/ile1109.xls,2026-09,2026-09-11T13:46:24.331708,2026-09-11T13:46:24.331708
2026-09-04,Sale,Sales Shipment,PSS-2609-0639,5000,NIC2225-N-E,,,2026-09-04,CAB01-MDN,NON-PROJECT,,MDN-PAR,26C1706J,2031-02-28,,-550,-550,0,-550,0,0, ,3467123,data/ile1109.xls,2026-09,2026-09-11T13:46:24.331708,2026-09-11T13:46:24.331708
2026-09-04,Sale,Sales Shipment,PSS-2609-0639,4000,NIC2420-N-E,,,2026-09-04,CAB01-MDN,NON-PROJECT,,MDN-PAR,26C3106J,2031-02-28,,-200,-200,0,-200,0,0, ,3467122,data/ile1109.xls,2026-09,2026-09-11T13:46:24.331708,2026-09-11T13:46:24.331708
2026-09-04,Sale,Sales Shipment,PSS-2609-0639,3000,PR-325104-50ST,,,2026-09-04,CAB01-MDN,NON-PROJECT,,MDN-PAR,ZF10KBZMD,2028-03-09,,-8,-8,0,-8,0,0, ,3467121,data/ile1109.xls,2026-09,2026-09-11T13:46:24.331708,2026-09-11T13:46:24.331708
2026-09-04,Sale,Sales Shipment,PSS-2609-0639,2000,NIC1832-N-E,,,2026-09-04,CAB01-MDN,NON-PROJECT,,MDN-PAR,25G1106J,2030-06-30,,-50,-50,0,-50,0,0, ,3467120,data/ile1109.xls,2026-09,2026-09-11T13:46:24.331708,2026-09-11T13:46:24.331708
2026-09-04,Sale,Sales Shipment,PSS-2609-0639,1000,7022V PDM-12-PINK,,,2026-09-04,CAB01-MDN,NON-PROJECT,,MDN-PAR,31926838,9999-12-31,,-500,-500,0,-500,0,0, ,3467119,data/ile1109.xls,2026-09,2026-09-11T13:46:24.331708,2026-09-11T13:46:24.331708
2026-09-03,Sale,Sales Shipment,PSS-2609-0494,1000,HD SET BLMDN005,,,2026-09-03,CAB01-MDN,MDN-HD-005,,MDN-PAR,,9999-12-31,,-200,-200,0,-200,0,0, ,3465437,data/ile1109.xls,2026-09,2026-09-11T13:46:24.331708,2026-09-11T13:46:24.331708
2026-09-03,Assembly Output,Posted Assembly,PAO-2609-0267,0,HD SET BLMDN005,,,2026-09-03,CAB01-MDN,MDN-HD-005,,MDN-PAR,,9999-12-31,,200,200,0,0,0,0,Assembly,3465436,data/ile1109.xls,2026-09,2026-09-11T13:46:24.331708,2026-09-11T13:46:24.331708
2026-09-03,Assembly Consumption,Posted Assembly,PAO-2609-0267,50000,FG-SC-002,,,2026-09-03,CAB01-MDN,MDN-HD-005,,MDN-PAR,J-26-0707-05,2028-07-07,,-200,-200,0,-200,0,0,Assembly,3465435,data/ile1109.xls,2026-09,2026-09-11T13:46:24.331708,2026-09-11T13:46:24.331708
2026-09-03,Assembly Consumption,Posted Assembly,PAO-2609-0267,40000,AK1-10L,,,2026-09-03,CAB01-MDN,MDN-HD-005,,MDN-PAR,J-26-0523-1,2028-05-23,,-100,-100,0,-100,0,0,Assembly,3465434,data/ile1109.xls,2026-09,2026-09-11T13:46:24.331708,2026-09-11T13:46:24.331708
2026-09-03,Assembly Consumption,Posted Assembly,PAO-2609-0267,30000,A016-R-V604R,,,2026-09-03,CAB01-MDN,MDN-HD-005,,MDN-PAR,26E30L5J,2031-04-30,,-200,-200,0,-200,0,0,Assembly,3465433,data/ile1109.xls,2026-09,2026-09-11T13:46:24.331708,2026-09-11T13:46:24.331708
2026-09-03,Assembly Consumption,Posted Assembly,PAO-2609-0267,20000,AVF1625-HC-N,,,2026-09-03,CAB01-MDN,MDN-HD-005,,MDN-PAR,26E0706J,2031-04-30,,-400,-400,0,-400,0,0,Assembly,3465432,data/ile1109.xls,2026-09,2026-09-11T13:46:24.331708,2026-09-11T13:46:24.331708
2026-09-03,Assembly Consumption,Posted Assembly,PAO-2609-0267,10000,ELISIO1-15H,,,2026-09-03,CAB01-MDN,MDN-HD-005,,MDN-PAR,26A17CHR,2028-12-31,,-200,-200,0,-200,0,0,Assembly,3465431,data/ile1109.xls,2026-09,2026-09-11T13:46:24.331708,2026-09-11T13:46:24.331708
2026-09-03,Sale,Sales Shipment,PSS-2609-0455,1000,7022V PDM-13-BLUE,,,2026-09-03,CAB01-MDN,NON-PROJECT,,MDN-PAR,33673089,9999-12-31,,-500,-500,0,-500,0,0, ,3464537,data/ile1109.xls,2026-09,2026-09-11T13:46:24.331708,2026-09-11T13:46:24.331708
2026-09-03,Sale,Sales Shipment,PSS-2609-0454,5000,DS01T2613R-N,,,2026-09-03,CAB01-MDN,NON-PROJECT,,MDN-PAR,25G1301J,2030-06-30,,-400,-400,0,-400,0,0, ,3464535,data/ile1109.xls,2026-09,2026-09-11T13:46:24.331708,2026-09-11T13:46:24.331708
2026-09-03,Sale,Sales Shipment,PSS-2609-0454,4000,DS50LS-R-N,,,2026-09-03,CAB01-MDN,NON-PROJECT,,MDN-PAR,25K0701J,2030-10-31,,-150,-150,0,-150,0,0, ,3464534,data/ile1109.xls,2026-09,2026-09-11T13:46:24.331708,2026-09-11T13:46:24.331708
2026-09-03,Sale,Sales Shipment,PSS-2609-0454,3000,DS50CT-R-N,,,2026-09-03,CAB01-MDN,NON-PROJECT,,MDN-PAR,25K1401J.,2030-10-31,,-60,-60,0,-60,0,0, ,3464533,data/ile1109.xls,2026-09,2026-09-11T13:46:24.331708,2026-09-11T13:46:24.331708
2026-09-03,Sale,Sales Shipment,PSS-2609-0454,2000,DS10L2138R-N,,,2026-09-03,CAB01-MDN,NON-PROJECT,,MDN-PAR,25L0110J,2030-11-30,,-2834,-2834,0,-2834,0,0, ,3464532,data/ile1109.xls,2026-09,2026-09-11T13:46:24.331708,2026-09-11T13:46:24.331708
2026-09-03,Sale,Sales Shipment,PSS-2609-0454,2000,DS10L2138R-N,,,2026-09-03,CAB01-MDN,NON-PROJECT,,MDN-PAR,25K2307J,2030-10-31,,-2466,-2466,0,-2466,0,0, ,3464531,data/ile1109.xls,2026-09,2026-09-11T13:46:24.331708,2026-09-11T13:46:24.331708
2026-09-03,Sale,Sales Shipment,PSS-2609-0454,1000,DS03L2332R-N,,,2026-09-03,CAB01-MDN,NON-PROJECT,,MDN-PAR,25K0902J,2030-10-31,,-1300,-1300,0,-1300,0,0, ,3464530,data/ile1109.xls,2026-09,2026-09-11T13:46:24.331708,2026-09-11T13:46:24.331708
2026-09-03,Sale,Sales Shipment,PSS-2609-0452,1000,NIC2225-N-E,,,2026-09-03,CAB01-MDN,NON-PROJECT,,MDN-PAR,26C1706J,2031-02-28,,-2000,-2000,0,-2000,0,0, ,3464522,data/ile1109.xls,2026-09,2026-09-11T13:46:24.331708,2026-09-11T13:46:24.331708
2026-09-03,Sale,Sales Shipment,PSS-2609-0451,1000,DS05L2238R-N,,,2026-09-03,CAB01-MDN,NON-PROJECT,,MDN-PAR,25E0909J,2030-04-30,,-1600,-1600,0,-1600,0,0, ,3464521,data/ile1109.xls,2026-09,2026-09-11T13:46:24.331708,2026-09-11T13:46:24.331708
2026-09-03,Sale,Sales Shipment,PSS-2609-0395,1000,7701-49 PDL-PBLUE,,,2026-09-03,CAB01-MDN,NON-PROJECT,,MDN-PAR,32777484,9999-12-31,,-400,-400,0,-400,0,0, ,3464154,data/ile1109.xls,2026-09,2026-09-11T13:46:24.331708,2026-09-11T13:46:24.331708
2026-09-03,Sale,Sales Shipment,PSS-2609-0393,3000,IA-N-3503,,,2026-09-03,CAB01-MDN,NON-PROJECT,,MDN-PAR,34643826,9999-12-31,,-4,-4,0,-4,0,0, ,3464150,data/ile1109.xls,2026-09,2026-09-11T13:46:24.331708,2026-09-11T13:46:24.331708
2026-09-03,Sale,Sales Shipment,PSS-2609-0393,2000,7022V PDM-12-PINK,,,2026-09-03,CAB01-MDN,NON-PROJECT,,MDN-PAR,31926838,9999-12-31,,-1500,-1500,0,-1500,0,0, ,3464149,data/ile1109.xls,2026-09,2026-09-11T13:46:24.331708,2026-09-11T13:46:24.331708
2026-09-03,Sale,Sales Shipment,PSS-2609-0393,1000,IA-N-3500,,,2026-09-03,CAB01-MDN,NON-PROJECT,,MDN-PAR,142056896,9999-12-31,,-1,-1,0,-1,0,0, ,3464148,data/ile1109.xls,2026-09,2026-09-11T13:46:24.331708,2026-09-11T13:46:24.331708
2026-09-02,Sale,Sales Shipment,PSS-2609-0348,2000,7022V PDM-12-PINK,,,2026-09-02,CAB01-MDN,NON-PROJECT,,MDN-PAR,31926838,9999-12-31,,-500,-500,0,-500,0,0, ,3463737,data/ile1109.xls,2026-09,2026-09-11T13:46:24.331708,2026-09-11T13:46:24.331708
2026-09-02,Sale,Sales Shipment,PSS-2609-0348,1000,7022V PDM-13-BLUE,,,2026-09-02,CAB01-MDN,NON-PROJECT,,MDN-PAR,33673089,9999-12-31,,-500,-500,0,-500,0,0, ,3463736,data/ile1109.xls,2026-09,2026-09-11T13:46:24.331708,2026-09-11T13:46:24.331708
2026-09-02,Sale,Sales Shipment,PSS-2609-0347,4000,LDT-2.1-1-4W,,,2026-09-02,CAB01-MDN,NON-PROJECT,,MDN-PAR,34827212,9999-12-31,,-20,-20,0,-20,0,0, ,3463707,data/ile1109.xls,2026-09,2026-09-11T13:46:24.331708,2026-09-11T13:46:24.331708
2026-09-02,Sale,Sales Shipment,PSS-2609-0347,3000,PR-325104-50ST,,,2026-09-02,CAB01-MDN,NON-PROJECT,,MDN-PAR,ZF10KBZMD,2028-03-09,,-20,-20,0,-20,0,0, ,3463706,data/ile1109.xls,2026-09,2026-09-11T13:46:24.331708,2026-09-11T13:46:24.331708
2026-09-02,Sale,Sales Shipment,PSS-2609-0347,2000,7022V PDM-12-PINK,,,2026-09-02,CAB01-MDN,NON-PROJECT,,MDN-PAR,31926838,9999-12-31,,-1000,-1000,0,-1000,0,0, ,3463705,data/ile1109.xls,2026-09,2026-09-11T13:46:24.331708,2026-09-11T13:46:24.331708
2026-09-02,Sale,Sales Shipment,PSS-2609-0347,1000,LDT-2.2-3-8W,,,2026-09-02,CAB01-MDN,NON-PROJECT,,MDN-PAR,34693826,9999-12-31,,-10,-10,0,-10,0,0, ,3463704,data/ile1109.xls,2026-09,2026-09-11T13:46:24.331708,2026-09-11T13:46:24.331708
2026-09-02,Sale,Sales Shipment,PSS-2609-0343,2000,DS03L2332R-N,,,2026-09-02,CAB01-MDN,NON-PROJECT,,MDN-PAR,25K0902J,2030-10-31,,-300,-300,0,-300,0,0, ,3463624,data/ile1109.xls,2026-09,2026-09-11T13:46:24.331708,2026-09-11T13:46:24.331708
2026-09-02,Sale,Sales Shipment,PSS-2609-0343,1000,NIC2420-N-E,,,2026-09-02,CAB01-MDN,NON-PROJECT,,MDN-PAR,26C3106J,2031-02-28,,-200,-200,0,-200,0,0, ,3463623,data/ile1109.xls,2026-09,2026-09-11T13:46:24.331708,2026-09-11T13:46:24.331708
2026-09-02,Sale,Sales Shipment,PSS-2609-0342,2000,NIC2225-N-E,,,2026-09-02,CAB01-MDN,NON-PROJECT,,MDN-PAR,26C1706J,2031-02-28,,-300,-300,0,-300,0,0, ,3463622,data/ile1109.xls,2026-09,2026-09-11T13:46:24.331708,2026-09-11T13:46:24.331708
2026-09-02,Sale,Sales Shipment,PSS-2609-0342,1000,NIC2025-N-E,,,2026-09-02,CAB01-MDN,NON-PROJECT,,MDN-PAR,25L2106J,2030-11-30,,-300,-300,0,-300,0,0, ,3463621,data/ile1109.xls,2026-09,2026-09-11T13:46:24.331708,2026-09-11T13:46:24.331708
2026-09-02,Sale,Sales Shipment,PSS-2609-0341,1000,HD SET BLMDN036,,,2026-09-02,CAB01-MDN,MDN-HD-036,,MDN-PAR,,9999-12-31,,-100,-100,0,-100,0,0, ,3463619,data/ile1109.xls,2026-09,2026-09-11T13:46:24.331708,2026-09-11T13:46:24.331708
2026-09-02,Assembly Output,Posted Assembly,PAO-2609-0192,0,HD SET BLMDN036,,,2026-09-02,CAB01-MDN,MDN-HD-036,,MDN-PAR,,9999-12-31,,100,100,0,0,0,0,Assembly,3463618,data/ile1109.xls,2026-09,2026-09-11T13:46:24.331708,2026-09-11T13:46:24.331708
2026-09-02,Assembly Consumption,Posted Assembly,PAO-2609-0192,50000,FG-SC-002,,,2026-09-02,CAB01-MDN,MDN-HD-036,,MDN-PAR,J-26-0626-01,2028-06-26,,-100,-100,0,-100,0,0,Assembly,3463617,data/ile1109.xls,2026-09,2026-09-11T13:46:24.331708,2026-09-11T13:46:24.331708
2026-09-02,Assembly Consumption,Posted Assembly,PAO-2609-0192,40000,AK1-10L,,,2026-09-02,CAB01-MDN,MDN-HD-036,,MDN-PAR,J-26-0513-9,2028-05-13,,-50,-50,0,-50,0,0,Assembly,3463616,data/ile1109.xls,2026-09,2026-09-11T13:46:24.331708,2026-09-11T13:46:24.331708
2026-09-02,Assembly Consumption,Posted Assembly,PAO-2609-0192,30000,AVF1625-HC-N,,,2026-09-02,CAB01-MDN,MDN-HD-036,,MDN-PAR,26E0706J,2031-04-30,,-200,-200,0,-200,0,0,Assembly,3463615,data/ile1109.xls,2026-09,2026-09-11T13:46:24.331708,2026-09-11T13:46:24.331708
2026-09-02,Assembly Consumption,Posted Assembly,PAO-2609-0192,20000,A016-R-V604R,,,2026-09-02,CAB01-MDN,MDN-HD-036,,MDN-PAR,26E30L5J,2031-04-30,,-100,-100,0,-100,0,0,Assembly,3463614,data/ile1109.xls,2026-09,2026-09-11T13:46:24.331708,2026-09-11T13:46:24.331708
2026-09-02,Assembly Consumption,Posted Assembly,PAO-2609-0192,10000,ELISIO1-15H,,,2026-09-02,CAB01-MDN,MDN-HD-036,,MDN-PAR,26A17CHR,2028-12-31,,-100,-100,0,-100,0,0,Assembly,3463613,data/ile1109.xls,2026-09,2026-09-11T13:46:24.331708,2026-09-11T13:46:24.331708
2026-09-02,Sale,Sales Shipment,PSS-2609-0258,3000,HD SET BLMDN007-NAK,,,2026-09-02,CAB01-MDN,MDN-HD-007,,MDN-PAR,,9999-12-31,,-388,0,0,-388,0,0, ,3462487,data/ile1109.xls,2026-09,2026-09-11T13:46:24.331708,2026-09-11T13:46:24.331708
2026-09-02,Assembly Output,Posted Assembly,PAO-2609-0151,0,HD SET BLMDN007-NAK,,,2026-09-02,CAB01-MDN,MDN-HD-007,,MDN-PAR,,9999-12-31,,388,388,0,0,0,0,Assembly,3462486,data/ile1109.xls,2026-09,2026-09-11T13:46:24.331708,2026-09-11T13:46:24.331708
2026-09-02,Assembly Consumption,Posted Assembly,PAO-2609-0151,40000,FG-SC-002,,,2026-09-02,CAB01-MDN,MDN-HD-007,,MDN-PAR,J-26-0707-05,2028-07-07,,-388,-388,0,-388,0,0,Assembly,3462485,data/ile1109.xls,2026-09,2026-09-11T13:46:24.331708,2026-09-11T13:46:24.331708
2026-09-02,Assembly Consumption,Posted Assembly,PAO-2609-0151,30000,A016-R-V604R,,,2026-09-02,CAB01-MDN,MDN-HD-007,,MDN-PAR,26E30L5J,2031-04-30,,-388,-388,0,-388,0,0,Assembly,3462484,data/ile1109.xls,2026-09,2026-09-11T13:46:24.331708,2026-09-11T13:46:24.331708
2026-09-02,Assembly Consumption,Posted Assembly,PAO-2609-0151,20000,AVF1625-HC-N,,,2026-09-02,CAB01-MDN,MDN-HD-007,,MDN-PAR,26E0706J,2031-04-30,,-776,-776,0,-776,0,0,Assembly,3462483,data/ile1109.xls,2026-09,2026-09-11T13:46:24.331708,2026-09-11T13:46:24.331708
2026-09-02,Assembly Consumption,Posted Assembly,PAO-2609-0151,10000,ELISIO1-15H,,,2026-09-02,CAB01-MDN,MDN-HD-007,,MDN-PAR,26A17CHR,2028-12-31,,-388,-388,0,-388,0,0,Assembly,3462482,data/ile1109.xls,2026-09,2026-09-11T13:46:24.331708,2026-09-11T13:46:24.331708
2026-09-02,Sale,Sales Shipment,PSS-2609-0258,2000,HD SET BLMDN007-ANAK,,,2026-09-02,CAB01-MDN,MDN-HD-007,,MDN-PAR,,9999-12-31,,-40,0,0,-40,0,0, ,3462481,data/ile1109.xls,2026-09,2026-09-11T13:46:24.331708,2026-09-11T13:46:24.331708
2026-09-02,Assembly Output,Posted Assembly,PAO-2609-0150,0,HD SET BLMDN007-ANAK,,,2026-09-02,CAB01-MDN,MDN-HD-007,,MDN-PAR,,9999-12-31,,40,40,0,0,0,0,Assembly,3462480,data/ile1109.xls,2026-09,2026-09-11T13:46:24.331708,2026-09-11T13:46:24.331708
2026-09-02,Assembly Consumption,Posted Assembly,PAO-2609-0150,70000,ELISIO-11H,,,2026-09-02,CAB01-MDN,MDN-HD-007,,MDN-PAR,26C19CR,2029-02-28,,-15,-15,0,-15,0,0,Assembly,3462479,data/ile1109.xls,2026-09,2026-09-11T13:46:24.331708,2026-09-11T13:46:24.331708
2026-09-02,Assembly Consumption,Posted Assembly,PAO-2609-0150,60000,SFE07,,,2026-09-02,CAB01-MDN,MDN-HD-007,,MDN-PAR,26E11AR,2029-04-30,,-15,-15,0,-15,0,0,Assembly,3462478,data/ile1109.xls,2026-09,2026-09-11T13:46:24.331708,2026-09-11T13:46:24.331708
2026-09-02,Assembly Consumption,Posted Assembly,PAO-2609-0150,50000,FG-SC-002,,,2026-09-02,CAB01-MDN,MDN-HD-007,,MDN-PAR,J-26-0625-13,2028-06-25,,-40,-40,0,-40,0,0,Assembly,3462477,data/ile1109.xls,2026-09,2026-09-11T13:46:24.331708,2026-09-11T13:46:24.331708
2026-09-02,Assembly Consumption,Posted Assembly,PAO-2609-0150,40000,AK1-10L,,,2026-09-02,CAB01-MDN,MDN-HD-007,,MDN-PAR,J-26-0513-5,2028-05-13,,-20,-20,0,-20,0,0,Assembly,3462476,data/ile1109.xls,2026-09,2026-09-11T13:46:24.331708,2026-09-11T13:46:24.331708
2026-09-02,Assembly Consumption,Posted Assembly,PAO-2609-0150,30000,AVF1625-HC-N,,,2026-09-02,CAB01-MDN,MDN-HD-007,,MDN-PAR,26E0706J,2031-04-30,,-80,-80,0,-80,0,0,Assembly,3462475,data/ile1109.xls,2026-09,2026-09-11T13:46:24.331708,2026-09-11T13:46:24.331708
2026-09-02,Assembly Consumption,Posted Assembly,PAO-2609-0150,20000,A133-V702,,,2026-09-02,CAB01-MDN,MDN-HD-007,,MDN-PAR,26C12,2031-02-28,,-40,-40,0,-40,0,0,Assembly,3462474,data/ile1109.xls,2026-09,2026-09-11T13:46:24.331708,2026-09-11T13:46:24.331708
2026-09-02,Assembly Consumption,Posted Assembly,PAO-2609-0150,10000,SFE09,,,2026-09-02,CAB01-MDN,MDN-HD-007,,MDN-PAR,26E11AR,2029-04-30,,-10,-10,0,-10,0,0,Assembly,3462473,data/ile1109.xls,2026-09,2026-09-11T13:46:24.331708,2026-09-11T13:46:24.331708
2026-09-02,Assembly Consumption,Posted Assembly,PAO-2609-0107,40000,FG-SC-002,,,2026-09-02,CAB01-MDN,MDN-HD-007,,MDN-PAR,J-26-0707-05,2028-07-07,,388,388,95,0,0,1,Assembly,3462458,data/ile1109.xls,2026-09,2026-09-11T13:46:24.331708,2026-09-11T13:46:24.331708
2026-09-02,Assembly Consumption,Posted Assembly,PAO-2609-0107,30000,A016-R-V604R,,,2026-09-02,CAB01-MDN,MDN-HD-007,,MDN-PAR,26E30L5J,2031-04-30,,388,388,0,0,0,0,Assembly,3462457,data/ile1109.xls,2026-09,2026-09-11T13:46:24.331708,2026-09-11T13:46:24.331708
2026-09-02,Assembly Consumption,Posted Assembly,PAO-2609-0107,20000,AVF1625-HC-N,,,2026-09-02,CAB01-MDN,MDN-HD-007,,MDN-PAR,26E0706J,2031-04-30,,776,776,776,0,0,1,Assembly,3462456,data/ile1109.xls,2026-09,2026-09-11T13:46:24.331708,2026-09-11T13:46:24.331708
2026-09-02,Assembly Consumption,Posted Assembly,PAO-2609-0107,10000,ELISIO1-15H,,,2026-09-02,CAB01-MDN,MDN-HD-007,,MDN-PAR,26A17CHR,2028-12-31,,388,388,388,0,0,1,Assembly,3462455,data/ile1109.xls,2026-09,2026-09-11T13:46:24.331708,2026-09-11T13:46:24.331708
2026-09-02,Assembly Output,Posted Assembly,PAO-2609-0107,0,HD SET BLMDN007-NAK,,,2026-09-02,CAB01-MDN,MDN-HD-007,,MDN-PAR,,9999-12-31,,-388,-388,0,-388,0,0,Assembly,3462454,data/ile1109.xls,2026-09,2026-09-11T13:46:24.331708,2026-09-11T13:46:24.331708
2026-09-02,Sale,Sales Shipment,PSS-2609-0212,13000,HD SET BLMDN007-NAK,,,2026-09-02,CAB01-MDN,MDN-HD-007,,MDN-PAR,,9999-12-31,,388,388,0,0,0,0, ,3462453,data/ile1109.xls,2026-09,2026-09-11T13:46:24.331708,2026-09-11T13:46:24.331708
2026-09-02,Assembly Consumption,Posted Assembly,PAO-2609-0106,70000,ELISIO-11H,,,2026-09-02,CAB01-MDN,MDN-HD-007,,MDN-PAR,26C19CR,2029-02-28,,10,10,10,0,0,1,Assembly,3462451,data/ile1109.xls,2026-09,2026-09-11T13:46:24.331708,2026-09-11T13:46:24.331708
2026-09-02,Assembly Consumption,Posted Assembly,PAO-2609-0106,60000,SFE07,,,2026-09-02,CAB01-MDN,MDN-HD-007,,MDN-PAR,26E11AR,2029-04-30,,15,15,15,0,0,1,Assembly,3462450,data/ile1109.xls,2026-09,2026-09-11T13:46:24.331708,2026-09-11T13:46:24.331708
2026-09-02,Assembly Consumption,Posted Assembly,PAO-2609-0106,50000,FG-SC-002,,,2026-09-02,CAB01-MDN,MDN-HD-007,,MDN-PAR,J-26-0625-13,2028-06-25,,40,40,0,0,0,0,Assembly,3462449,data/ile1109.xls,2026-09,2026-09-11T13:46:24.331708,2026-09-11T13:46:24.331708
2026-09-02,Assembly Consumption,Posted Assembly,PAO-2609-0106,40000,AK1-10L,,,2026-09-02,CAB01-MDN,MDN-HD-007,,MDN-PAR,J-26-0513-5,2028-05-13,,20,20,0,0,0,0,Assembly,3462448,data/ile1109.xls,2026-09,2026-09-11T13:46:24.331708,2026-09-11T13:46:24.331708
2026-09-02,Assembly Consumption,Posted Assembly,PAO-2609-0106,30000,AVF1625-HC-N,,,2026-09-02,CAB01-MDN,MDN-HD-007,,MDN-PAR,26E0706J,2031-04-30,,80,80,80,0,0,1,Assembly,3462447,data/ile1109.xls,2026-09,2026-09-11T13:46:24.331708,2026-09-11T13:46:24.331708
2026-09-02,Assembly Consumption,Posted Assembly,PAO-2609-0106,20000,A133-V702,,,2026-09-02,CAB01-MDN,MDN-HD-007,,MDN-PAR,26C12,2031-02-28,,40,40,0,0,0,0,Assembly,3462446,data/ile1109.xls,2026-09,2026-09-11T13:46:24.331708,2026-09-11T13:46:24.331708
2026-09-02,Assembly Consumption,Posted Assembly,PAO-2609-0106,10000,SFE09,,,2026-09-02,CAB01-MDN,MDN-HD-007,,MDN-PAR,26E11AR,2029-04-30,,10,10,10,0,0,1,Assembly,3462445,data/ile1109.xls,2026-09,2026-09-11T13:46:24.331708,2026-09-11T13:46:24.331708
2026-09-02,Assembly Output,Posted Assembly,PAO-2609-0106,0,HD SET BLMDN007-ANAK,,,2026-09-02,CAB01-MDN,MDN-HD-007,,MDN-PAR,,9999-12-31,,-40,-40,0,-40,0,0,Assembly,3462444,data/ile1109.xls,2026-09,2026-09-11T13:46:24.331708,2026-09-11T13:46:24.331708
2026-09-02,Sale,Sales Shipment,PSS-2609-0212,2500,HD SET BLMDN007-ANAK,,,2026-09-02,CAB01-MDN,MDN-HD-007,,MDN-PAR,,9999-12-31,,40,40,0,0,0,0, ,3462443,data/ile1109.xls,2026-09,2026-09-11T13:46:24.331708,2026-09-11T13:46:24.331708
2026-09-02,Sale,Sales Shipment,PSS-2609-0218,1000,HD SET BLMDN034NAVAK,,,2026-09-02,CAB01-MDN,MDN-HD-034,,MDN-PAR,,9999-12-31,,-275,-275,0,-275,0,0, ,3462087,data/ile1109.xls,2026-09,2026-09-11T13:46:24.331708,2026-09-11T13:46:24.331708
2026-09-02,Assembly Output,Posted Assembly,PAO-2609-0114,0,HD SET BLMDN034NAVAK,,,2026-09-02,CAB01-MDN,MDN-HD-034,,MDN-PAR,,9999-12-31,,275,275,0,0,0,0,Assembly,3462086,data/ile1109.xls,2026-09,2026-09-11T13:46:24.331708,2026-09-11T13:46:24.331708
2026-09-02,Assembly Consumption,Posted Assembly,PAO-2609-0114,30000,FG-SC-002,,,2026-09-02,CAB01-MDN,MDN-HD-034,,MDN-PAR,J-26-0707-05,2028-07-07,,-275,-275,0,-275,0,0,Assembly,3462085,data/ile1109.xls,2026-09,2026-09-11T13:46:24.331708,2026-09-11T13:46:24.331708
2026-09-02,Assembly Consumption,Posted Assembly,PAO-2609-0114,20000,A016-R-V604R,,,2026-09-02,CAB01-MDN,MDN-HD-034,,MDN-PAR,26E29L5J,2031-04-30,,-275,-275,0,-275,0,0,Assembly,3462084,data/ile1109.xls,2026-09,2026-09-11T13:46:24.331708,2026-09-11T13:46:24.331708
2026-09-02,Assembly Consumption,Posted Assembly,PAO-2609-0114,10000,ELISIO1-15H,,,2026-09-02,CAB01-MDN,MDN-HD-034,,MDN-PAR,26A17CHR,2028-12-31,,-275,-275,0,-275,0,0,Assembly,3462083,data/ile1109.xls,2026-09,2026-09-11T13:46:24.331708,2026-09-11T13:46:24.331708
2026-09-02,Sale,Sales Shipment,PSS-2609-0212,3000,HD SET BLMDN007-NAK,,,2026-09-02,CAB01-MDN,MDN-HD-007,,MDN-PAR,,9999-12-31,,-388,-388,0,0,0,0, ,3462029,data/ile1109.xls,2026-09,2026-09-11T13:46:24.331708,2026-09-11T13:46:24.331708
2026-09-02,Assembly Output,Posted Assembly,PAO-2609-0107,0,HD SET BLMDN007-NAK,,,2026-09-02,CAB01-MDN,MDN-HD-007,,MDN-PAR,,9999-12-31,,388,388,0,0,0,0,Assembly,3462028,data/ile1109.xls,2026-09,2026-09-11T13:46:24.331708,2026-09-11T13:46:24.331708
2026-09-02,Assembly Consumption,Posted Assembly,PAO-2609-0107,40000,FG-SC-002,,,2026-09-02,CAB01-MDN,MDN-HD-007,,MDN-PAR,J-26-0707-05,2028-07-07,,-388,-388,0,0,0,0,Assembly,3462027,data/ile1109.xls,2026-09,2026-09-11T13:46:24.331708,2026-09-11T13:46:24.331708
2026-09-02,Assembly Consumption,Posted Assembly,PAO-2609-0107,30000,A016-R-V604R,,,2026-09-02,CAB01-MDN,MDN-HD-007,,MDN-PAR,26E30L5J,2031-04-30,,-388,-388,0,0,0,0,Assembly,3462026,data/ile1109.xls,2026-09,2026-09-11T13:46:24.331708,2026-09-11T13:46:24.331708
2026-09-02,Assembly Consumption,Posted Assembly,PAO-2609-0107,20000,AVF1625-HC-N,,,2026-09-02,CAB01-MDN,MDN-HD-007,,MDN-PAR,26E0706J,2031-04-30,,-776,-776,0,0,0,0,Assembly,3462025,data/ile1109.xls,2026-09,2026-09-11T13:46:24.331708,2026-09-11T13:46:24.331708
2026-09-02,Assembly Consumption,Posted Assembly,PAO-2609-0107,10000,ELISIO1-15H,,,2026-09-02,CAB01-MDN,MDN-HD-007,,MDN-PAR,26A17CHR,2028-12-31,,-388,-388,0,0,0,0,Assembly,3462024,data/ile1109.xls,2026-09,2026-09-11T13:46:24.331708,2026-09-11T13:46:24.331708
2026-09-02,Sale,Sales Shipment,PSS-2609-0212,2000,HD SET BLMDN007-ANAK,,,2026-09-02,CAB01-MDN,MDN-HD-007,,MDN-PAR,,9999-12-31,,-40,-40,0,0,0,0, ,3462023,data/ile1109.xls,2026-09,2026-09-11T13:46:24.331708,2026-09-11T13:46:24.331708
2026-09-02,Assembly Output,Posted Assembly,PAO-2609-0106,0,HD SET BLMDN007-ANAK,,,2026-09-02,CAB01-MDN,MDN-HD-007,,MDN-PAR,,9999-12-31,,40,40,0,0,0,0,Assembly,3462022,data/ile1109.xls,2026-09,2026-09-11T13:46:24.331708,2026-09-11T13:46:24.331708
2026-09-02,Assembly Consumption,Posted Assembly,PAO-2609-0106,70000,ELISIO-11H,,,2026-09-02,CAB01-MDN,MDN-HD-007,,MDN-PAR,26C19CR,2029-02-28,,-10,-10,0,0,0,0,Assembly,3462021,data/ile1109.xls,2026-09,2026-09-11T13:46:24.331708,2026-09-11T13:46:24.331708
2026-09-02,Assembly Consumption,Posted Assembly,PAO-2609-0106,60000,SFE07,,,2026-09-02,CAB01-MDN,MDN-HD-007,,MDN-PAR,26E11AR,2029-04-30,,-15,-15,0,0,0,0,Assembly,3462020,data/ile1109.xls,2026-09,2026-09-11T13:46:24.331708,2026-09-11T13:46:24.331708
2026-09-02,Assembly Consumption,Posted Assembly,PAO-2609-0106,50000,FG-SC-002,,,2026-09-02,CAB01-MDN,MDN-HD-007,,MDN-PAR,J-26-0625-13,2028-06-25,,-40,-40,0,0,0,0,Assembly,3462019,data/ile1109.xls,2026-09,2026-09-11T13:46:24.331708,2026-09-11T13:46:24.331708
2026-09-02,Assembly Consumption,Posted Assembly,PAO-2609-0106,40000,AK1-10L,,,2026-09-02,CAB01-MDN,MDN-HD-007,,MDN-PAR,J-26-0513-5,2028-05-13,,-20,-20,0,0,0,0,Assembly,3462018,data/ile1109.xls,2026-09,2026-09-11T13:46:24.331708,2026-09-11T13:46:24.331708
2026-09-02,Assembly Consumption,Posted Assembly,PAO-2609-0106,30000,AVF1625-HC-N,,,2026-09-02,CAB01-MDN,MDN-HD-007,,MDN-PAR,26E0706J,2031-04-30,,-80,-80,0,0,0,0,Assembly,3462017,data/ile1109.xls,2026-09,2026-09-11T13:46:24.331708,2026-09-11T13:46:24.331708
2026-09-02,Assembly Consumption,Posted Assembly,PAO-2609-0106,20000,A133-V702,,,2026-09-02,CAB01-MDN,MDN-HD-007,,MDN-PAR,26C12,2031-02-28,,-40,-40,0,0,0,0,Assembly,3462016,data/ile1109.xls,2026-09,2026-09-11T13:46:24.331708,2026-09-11T13:46:24.331708
2026-09-02,Assembly Consumption,Posted Assembly,PAO-2609-0106,10000,SFE09,,,2026-09-02,CAB01-MDN,MDN-HD-007,,MDN-PAR,26E11AR,2029-04-30,,-10,-10,0,0,0,0,Assembly,3462015,data/ile1109.xls,2026-09,2026-09-11T13:46:24.331708,2026-09-11T13:46:24.331708
2026-09-01,Sale,Sales Shipment,PSS-2609-0146,2000,NIC2225-N-E,,,2026-09-01,CAB01-MDN,NON-PROJECT,,MDN-PAR,26C1706J,2031-02-28,,-2000,-2000,0,-2000,0,0, ,3461252,data/ile1109.xls,2026-09,2026-09-11T13:46:24.331708,2026-09-11T13:46:24.331708
2026-09-01,Sale,Sales Shipment,PSS-2609-0146,1000,NIC2025-N-E,,,2026-09-01,CAB01-MDN,NON-PROJECT,,MDN-PAR,26D1406J,2031-03-31,,-1000,-1000,0,-1000,0,0, ,3461251,data/ile1109.xls,2026-09,2026-09-11T13:46:24.331708,2026-09-11T13:46:24.331708
2026-09-01,Sale,Sales Shipment,PSS-2609-0115,1000,HD SET BLMDN021,,,2026-09-01,CAB01-MDN,MDN-HD-021,,MDN-PAR,,9999-12-31,,-576,-576,0,-576,0,0, ,3460962,data/ile1109.xls,2026-09,2026-09-11T13:46:24.331708,2026-09-11T13:46:24.331708
2026-09-01,Assembly Output,Posted Assembly,PAO-2609-0059,0,HD SET BLMDN021,,,2026-09-01,CAB01-MDN,MDN-HD-021,,MDN-PAR,,9999-12-31,,576,576,0,0,0,0,Assembly,3460961,data/ile1109.xls,2026-09,2026-09-11T13:46:24.331708,2026-09-11T13:46:24.331708
2026-09-01,Assembly Consumption,Posted Assembly,PAO-2609-0059,50000,FG-SC-002,,,2026-09-01,CAB01-MDN,MDN-HD-021,,MDN-PAR,J-26-0707-03,2028-07-07,,-176,-176,0,-176,0,0,Assembly,3460960,data/ile1109.xls,2026-09,2026-09-11T13:46:24.331708,2026-09-11T13:46:24.331708
2026-09-01,Assembly Consumption,Posted Assembly,PAO-2609-0059,50000,FG-SC-002,,,2026-09-01,CAB01-MDN,MDN-HD-021,,MDN-PAR,J-26-0705-07,2028-07-05,,-400,-400,0,-400,0,0,Assembly,3460959,data/ile1109.xls,2026-09,2026-09-11T13:46:24.331708,2026-09-11T13:46:24.331708
2026-09-01,Assembly Consumption,Posted Assembly,PAO-2609-0059,40000,AK1-10L,,,2026-09-01,CAB01-MDN,MDN-HD-021,,MDN-PAR,J-26-0525-6,2028-05-25,,-288,-288,0,-288,0,0,Assembly,3460958,data/ile1109.xls,2026-09,2026-09-11T13:46:24.331708,2026-09-11T13:46:24.331708
2026-09-01,Assembly Consumption,Posted Assembly,PAO-2609-0059,30000,A016-R-V604R,,,2026-09-01,CAB01-MDN,MDN-HD-021,,MDN-PAR,26G17L6J,2031-06-30,,-576,-576,0,-576,0,0,Assembly,3460957,data/ile1109.xls,2026-09,2026-09-11T13:46:24.331708,2026-09-11T13:46:24.331708
2026-09-01,Assembly Consumption,Posted Assembly,PAO-2609-0059,20000,AVF1625-HC-N,,,2026-09-01,CAB01-MDN,MDN-HD-021,,MDN-PAR,26E0706J,2031-04-30,,-1152,-1152,0,-1152,0,0,Assembly,3460956,data/ile1109.xls,2026-09,2026-09-11T13:46:24.331708,2026-09-11T13:46:24.331708
2026-09-01,Assembly Consumption,Posted Assembly,PAO-2609-0059,10000,ELISIO1-15H,,,2026-09-01,CAB01-MDN,MDN-HD-021,,MDN-PAR,26A17CHR,2028-12-31,,-576,-576,0,-576,0,0,Assembly,3460955,data/ile1109.xls,2026-09,2026-09-11T13:46:24.331708,2026-09-11T13:46:24.331708
2026-09-01,Sale,Sales Shipment,PSS-2609-0114,1000,HD SET BLMDN015-NAVF,,,2026-09-01,CAB01-MDN,MDN-HD-015,,MDN-PAR,,9999-12-31,,-750,-750,0,-750,0,0, ,3460954,data/ile1109.xls,2026-09,2026-09-11T13:46:24.331708,2026-09-11T13:46:24.331708
2026-09-01,Assembly Output,Posted Assembly,PAO-2609-0058,0,HD SET BLMDN015-NAVF,,,2026-09-01,CAB01-MDN,MDN-HD-015,,MDN-PAR,,9999-12-31,,750,750,0,0,0,0,Assembly,3460953,data/ile1109.xls,2026-09,2026-09-11T13:46:24.331708,2026-09-11T13:46:24.331708
2026-09-01,Assembly Consumption,Posted Assembly,PAO-2609-0058,40000,FG-SC-002,,,2026-09-01,CAB01-MDN,MDN-HD-015,,MDN-PAR,J-26-0708-07,2028-07-08,,-750,-750,0,-750,0,0,Assembly,3460952,data/ile1109.xls,2026-09,2026-09-11T13:46:24.331708,2026-09-11T13:46:24.331708
2026-09-01,Assembly Consumption,Posted Assembly,PAO-2609-0058,30000,AK1-10L,,,2026-09-01,CAB01-MDN,MDN-HD-015,,MDN-PAR,J-26-0525-4,2028-05-25,,-375,-375,0,-375,0,0,Assembly,3460951,data/ile1109.xls,2026-09,2026-09-11T13:46:24.331708,2026-09-11T13:46:24.331708
2026-09-01,Assembly Consumption,Posted Assembly,PAO-2609-0058,20000,A016-R-V604R,,,2026-09-01,CAB01-MDN,MDN-HD-015,,MDN-PAR,26E29L5J,2031-04-30,,-750,-750,0,-750,0,0,Assembly,3460950,data/ile1109.xls,2026-09,2026-09-11T13:46:24.331708,2026-09-11T13:46:24.331708
2026-09-01,Assembly Consumption,Posted Assembly,PAO-2609-0058,10000,ELISIO1-15H,,,2026-09-01,CAB01-MDN,MDN-HD-015,,MDN-PAR,26A17CHR,2028-12-31,,-750,-750,0,-750,0,0,Assembly,3460949,data/ile1109.xls,2026-09,2026-09-11T13:46:24.331708,2026-09-11T13:46:24.331708
2026-09-01,Assembly Consumption,Posted Assembly,PAO-2609-0025,50000,FG-SC-002,,,2026-09-01,CAB01-MDN,MDN-HD-021,,MDN-PAR,J-26-0705-04,2028-07-05,,576,576,0,0,0,0,Assembly,3460908,data/ile1109.xls,2026-09,2026-09-11T13:46:24.331708,2026-09-11T13:46:24.331708
2026-09-01,Assembly Consumption,Posted Assembly,PAO-2609-0025,40000,AK1-10L,,,2026-09-01,CAB01-MDN,MDN-HD-021,,MDN-PAR,J-26-0525-6,2028-05-25,,288,288,0,0,0,0,Assembly,3460907,data/ile1109.xls,2026-09,2026-09-11T13:46:24.331708,2026-09-11T13:46:24.331708
2026-09-01,Assembly Consumption,Posted Assembly,PAO-2609-0025,30000,A016-R-V604R,,,2026-09-01,CAB01-MDN,MDN-HD-021,,MDN-PAR,26E30L5J,2031-04-30,,576,576,0,0,0,0,Assembly,3460906,data/ile1109.xls,2026-09,2026-09-11T13:46:24.331708,2026-09-11T13:46:24.331708
2026-09-01,Assembly Consumption,Posted Assembly,PAO-2609-0025,20000,AVF1625-HC-N,,,2026-09-01,CAB01-MDN,MDN-HD-021,,MDN-PAR,26E0706J,2031-04-30,,1152,1152,1152,0,0,1,Assembly,3460905,data/ile1109.xls,2026-09,2026-09-11T13:46:24.331708,2026-09-11T13:46:24.331708
2026-09-01,Assembly Consumption,Posted Assembly,PAO-2609-0025,10000,ELISIO1-15H,,,2026-09-01,CAB01-MDN,MDN-HD-021,,MDN-PAR,26A17CHR,2028-12-31,,576,576,576,0,0,1,Assembly,3460904,data/ile1109.xls,2026-09,2026-09-11T13:46:24.331708,2026-09-11T13:46:24.331708
2026-09-01,Assembly Output,Posted Assembly,PAO-2609-0025,0,HD SET BLMDN021,,,2026-09-01,CAB01-MDN,MDN-HD-021,,MDN-PAR,,9999-12-31,,-576,-576,0,-576,0,0,Assembly,3460903,data/ile1109.xls,2026-09,2026-09-11T13:46:24.331708,2026-09-11T13:46:24.331708
2026-09-01,Sale,Sales Shipment,PSS-2609-0040,11000,HD SET BLMDN021,,,2026-09-01,CAB01-MDN,MDN-HD-021,,MDN-PAR,,9999-12-31,,576,576,0,0,0,0, ,3460902,data/ile1109.xls,2026-09,2026-09-11T13:46:24.331708,2026-09-11T13:46:24.331708
2026-09-01,Assembly Consumption,Posted Assembly,PAO-2609-0023,40000,FG-SC-002,,,2026-09-01,CAB01-MDN,MDN-HD-015,,MDN-PAR,J-26-0707-05,2028-07-07,,750,750,0,0,0,0,Assembly,3460901,data/ile1109.xls,2026-09,2026-09-11T13:46:24.331708,2026-09-11T13:46:24.331708
2026-09-01,Assembly Consumption,Posted Assembly,PAO-2609-0023,30000,AK1-10L,,,2026-09-01,CAB01-MDN,MDN-HD-015,,MDN-PAR,J-26-0525-4,2028-05-25,,375,375,0,0,0,0,Assembly,3460900,data/ile1109.xls,2026-09,2026-09-11T13:46:24.331708,2026-09-11T13:46:24.331708
2026-09-01,Assembly Consumption,Posted Assembly,PAO-2609-0023,20000,A016-R-V604R,,,2026-09-01,CAB01-MDN,MDN-HD-015,,MDN-PAR,26E29L5J,2031-04-30,,750,750,0,0,0,0,Assembly,3460899,data/ile1109.xls,2026-09,2026-09-11T13:46:24.331708,2026-09-11T13:46:24.331708
2026-09-01,Assembly Consumption,Posted Assembly,PAO-2609-0023,10000,ELISIO1-15H,,,2026-09-01,CAB01-MDN,MDN-HD-015,,MDN-PAR,26A17CHR,2028-12-31,,750,750,750,0,0,1,Assembly,3460898,data/ile1109.xls,2026-09,2026-09-11T13:46:24.331708,2026-09-11T13:46:24.331708
2026-09-01,Assembly Output,Posted Assembly,PAO-2609-0023,0,HD SET BLMDN015-NAVF,,,2026-09-01,CAB01-MDN,MDN-HD-015,,MDN-PAR,,9999-12-31,,-750,-750,0,-750,0,0,Assembly,3460897,data/ile1109.xls,2026-09,2026-09-11T13:46:24.331708,2026-09-11T13:46:24.331708
2026-09-01,Sale,Sales Shipment,PSS-2609-0038,11000,HD SET BLMDN015-NAVF,,,2026-09-01,CAB01-MDN,MDN-HD-015,,MDN-PAR,,9999-12-31,,750,750,0,0,0,0, ,3460896,data/ile1109.xls,2026-09,2026-09-11T13:46:24.331708,2026-09-11T13:46:24.331708
2026-09-01,Sale,Sales Shipment,PSS-2609-0072,1000,LDT-2.1-1-4W,,,2026-09-01,CAB01-MDN,NON-PROJECT,,MDN-PAR,34827212,9999-12-31,,-6,-6,0,-6,0,0, ,3460464,data/ile1109.xls,2026-09,2026-09-11T13:46:24.331708,2026-09-11T13:46:24.331708
2026-09-01,Sale,Sales Shipment,PSS-2609-0040,1000,HD SET BLMDN021,,,2026-09-01,CAB01-MDN,MDN-HD-021,,MDN-PAR,,9999-12-31,,-576,-576,0,0,0,0, ,3460182,data/ile1109.xls,2026-09,2026-09-11T13:46:24.331708,2026-09-11T13:46:24.331708
2026-09-01,Assembly Output,Posted Assembly,PAO-2609-0025,0,HD SET BLMDN021,,,2026-09-01,CAB01-MDN,MDN-HD-021,,MDN-PAR,,9999-12-31,,576,576,0,0,0,0,Assembly,3460181,data/ile1109.xls,2026-09,2026-09-11T13:46:24.331708,2026-09-11T13:46:24.331708
2026-09-01,Assembly Consumption,Posted Assembly,PAO-2609-0025,50000,FG-SC-002,,,2026-09-01,CAB01-MDN,MDN-HD-021,,MDN-PAR,J-26-0705-04,2028-07-05,,-576,-576,0,0,0,0,Assembly,3460180,data/ile1109.xls,2026-09,2026-09-11T13:46:24.331708,2026-09-11T13:46:24.331708
2026-09-01,Assembly Consumption,Posted Assembly,PAO-2609-0025,40000,AK1-10L,,,2026-09-01,CAB01-MDN,MDN-HD-021,,MDN-PAR,J-26-0525-6,2028-05-25,,-288,-288,0,0,0,0,Assembly,3460179,data/ile1109.xls,2026-09,2026-09-11T13:46:24.331708,2026-09-11T13:46:24.331708
2026-09-01,Assembly Consumption,Posted Assembly,PAO-2609-0025,30000,A016-R-V604R,,,2026-09-01,CAB01-MDN,MDN-HD-021,,MDN-PAR,26E30L5J,2031-04-30,,-576,-576,0,0,0,0,Assembly,3460178,data/ile1109.xls,2026-09,2026-09-11T13:46:24.331708,2026-09-11T13:46:24.331708
2026-09-01,Assembly Consumption,Posted Assembly,PAO-2609-0025,20000,AVF1625-HC-N,,,2026-09-01,CAB01-MDN,MDN-HD-021,,MDN-PAR,26E0706J,2031-04-30,,-1152,-1152,0,0,0,0,Assembly,3460177,data/ile1109.xls,2026-09,2026-09-11T13:46:24.331708,2026-09-11T13:46:24.331708
2026-09-01,Assembly Consumption,Posted Assembly,PAO-2609-0025,10000,ELISIO1-15H,,,2026-09-01,CAB01-MDN,MDN-HD-021,,MDN-PAR,26A17CHR,2028-12-31,,-576,-576,0,0,0,0,Assembly,3460176,data/ile1109.xls,2026-09,2026-09-11T13:46:24.331708,2026-09-11T13:46:24.331708
2026-09-01,Sale,Sales Shipment,PSS-2609-0038,1000,HD SET BLMDN015-NAVF,,,2026-09-01,CAB01-MDN,MDN-HD-015,,MDN-PAR,,9999-12-31,,-750,-750,0,0,0,0, ,3460164,data/ile1109.xls,2026-09,2026-09-11T13:46:24.331708,2026-09-11T13:46:24.331708
2026-09-01,Assembly Output,Posted Assembly,PAO-2609-0023,0,HD SET BLMDN015-NAVF,,,2026-09-01,CAB01-MDN,MDN-HD-015,,MDN-PAR,,9999-12-31,,750,750,0,0,0,0,Assembly,3460163,data/ile1109.xls,2026-09,2026-09-11T13:46:24.331708,2026-09-11T13:46:24.331708
2026-09-01,Assembly Consumption,Posted Assembly,PAO-2609-0023,40000,FG-SC-002,,,2026-09-01,CAB01-MDN,MDN-HD-015,,MDN-PAR,J-26-0707-05,2028-07-07,,-750,-750,0,0,0,0,Assembly,3460162,data/ile1109.xls,2026-09,2026-09-11T13:46:24.331708,2026-09-11T13:46:24.331708
2026-09-01,Assembly Consumption,Posted Assembly,PAO-2609-0023,30000,AK1-10L,,,2026-09-01,CAB01-MDN,MDN-HD-015,,MDN-PAR,J-26-0525-4,2028-05-25,,-375,-375,0,0,0,0,Assembly,3460161,data/ile1109.xls,2026-09,2026-09-11T13:46:24.331708,2026-09-11T13:46:24.331708
2026-09-01,Assembly Consumption,Posted Assembly,PAO-2609-0023,20000,A016-R-V604R,,,2026-09-01,CAB01-MDN,MDN-HD-015,,MDN-PAR,26E29L5J,2031-04-30,,-750,-750,0,0,0,0,Assembly,3460160,data/ile1109.xls,2026-09,2026-09-11T13:46:24.331708,2026-09-11T13:46:24.331708
2026-09-01,Assembly Consumption,Posted Assembly,PAO-2609-0023,10000,ELISIO1-15H,,,2026-09-01,CAB01-MDN,MDN-HD-015,,MDN-PAR,26A17CHR,2028-12-31,,-750,-750,0,0,0,0,Assembly,3460159,data/ile1109.xls,2026-09,2026-09-11T13:46:24.331708,2026-09-11T13:46:24.331708
2026-09-01,Sale,Sales Shipment,PSS-2609-0037,30000,NIC2225-N-E,,,2026-09-01,CAB01-MDN,NON-PROJECT,,MDN-PAR,26C1706J,2031-02-28,,-500,-500,0,-500,0,0, ,3460157,data/ile1109.xls,2026-09,2026-09-11T13:46:24.331708,2026-09-11T13:46:24.331708
2026-09-01,Sale,Sales Shipment,PSS-2609-0037,20000,NIC2420-N-E,,,2026-09-01,CAB01-MDN,NON-PROJECT,,MDN-PAR,26C3106J,2031-02-28,,-500,-500,0,-500,0,0, ,3460156,data/ile1109.xls,2026-09,2026-09-11T13:46:24.331708,2026-09-11T13:46:24.331708
2026-09-01,Sale,Sales Shipment,PSS-2609-0037,10000,DS03L2332R-N,,,2026-09-01,CAB01-MDN,NON-PROJECT,,MDN-PAR,25K0902J,2030-10-31,,-1000,-1000,0,-1000,0,0, ,3460155,data/ile1109.xls,2026-09,2026-09-11T13:46:24.331708,2026-09-11T13:46:24.331708
2026-09-01,Sale,Sales Shipment,PSS-2609-0032,5000,DS50LS-R-N,,,2026-09-01,CAB01-MDN,NON-PROJECT,,MDN-PAR,25K0701J,2030-10-31,,-50,-50,0,-50,0,0, ,3460122,data/ile1109.xls,2026-09,2026-09-11T13:46:24.331708,2026-09-11T13:46:24.331708
2026-09-01,Sale,Sales Shipment,PSS-2609-0032,4000,DS20LSR-N,,,2026-09-01,CAB01-MDN,NON-PROJECT,,MDN-PAR,25E1704J,2030-04-30,,-50,-50,0,-50,0,0, ,3460121,data/ile1109.xls,2026-09,2026-09-11T13:46:24.331708,2026-09-11T13:46:24.331708
2026-09-01,Sale,Sales Shipment,PSS-2609-0032,3000,DS10L2138R-N,,,2026-09-01,CAB01-MDN,NON-PROJECT,,MDN-PAR,25K1707J,2030-10-31,,-900,-900,0,-900,0,0, ,3460120,data/ile1109.xls,2026-09,2026-09-11T13:46:24.331708,2026-09-11T13:46:24.331708
2026-09-01,Sale,Sales Shipment,PSS-2609-0032,2000,DS05L2238R-N,,,2026-09-01,CAB01-MDN,NON-PROJECT,,MDN-PAR,25E0909J,2030-04-30,,-800,-800,0,-800,0,0, ,3460119,data/ile1109.xls,2026-09,2026-09-11T13:46:24.331708,2026-09-11T13:46:24.331708
2026-09-01,Sale,Sales Shipment,PSS-2609-0032,1000,DS03L2332R-N,,,2026-09-01,CAB01-MDN,NON-PROJECT,,MDN-PAR,25K0902J,2030-10-31,,-800,-800,0,-800,0,0, ,3460118,data/ile1109.xls,2026-09,2026-09-11T13:46:24.331708,2026-09-11T13:46:24.331708
2026-09-01,Sale,Sales Shipment,PSS-2609-0031,2000,DS03L2332R-N,,,2026-09-01,CAB01-MDN,NON-PROJECT,,MDN-PAR,25K0902J,2030-10-31,,-3000,-3000,0,-3000,0,0, ,3460094,data/ile1109.xls,2026-09,2026-09-11T13:46:24.331708,2026-09-11T13:46:24.331708
2026-09-01,Sale,Sales Shipment,PSS-2609-0031,1000,DS05L2238R-N,,,2026-09-01,CAB01-MDN,NON-PROJECT,,MDN-PAR,25E0909J,2030-04-30,,-4000,-4000,0,-4000,0,0, ,3460093,data/ile1109.xls,2026-09,2026-09-11T13:46:24.331708,2026-09-11T13:46:24.331708
