ptr_no,transfer_order_no,transfer_from_code,transfer_to_code,posting_date,shipment_date,receipt_date,shipping_agent_code,ship_to_receipt_days,receipt_to_posting_days,ship_to_posting_days,source_file,import_period,created_at,updated_at
PTR-2609-0024,TO-2608-0203,JKT-JP12,MDN-PAR,2026-09-01,2026-08-12,2026-08-28,SA-0062,16,4,20,ptrheader.xlsx,2026-09,2026-09-02T21:56:13.674915,2026-09-02T21:56:13.674915
PTR-2609-0023,TO-2608-0414,JKT-JP12,MDN-PAR,2026-09-01,2026-08-12,2026-09-02,SA-0049,21,-1,20,ptrheader.xlsx,2026-09,2026-09-02T21:56:13.674915,2026-09-02T21:56:13.674915
PTR-2608-0946,TO-2608-0337,JKT-CKPA,MDN-PAR,2026-08-31,2026-08-11,2026-09-01,SA-0049,21,-1,20,ptrheader.xlsx,2026-09,2026-09-02T21:56:13.674915,2026-09-02T21:56:13.674915
PTR-2608-0855,TO-2608-0899,JKT-JP12,MDN-PAR,2026-08-27,2026-08-27,2026-08-27,SA-0049,0,0,0,ptrheader.xlsx,2026-09,2026-09-02T21:56:13.674915,2026-09-02T21:56:13.674915
PTR-2608-0801,TO-2608-0041,JKT-JP12,MDN-PAR,2026-08-26,2026-08-06,2026-08-24,SA-0062,18,2,20,ptrheader.xlsx,2026-09,2026-09-02T21:56:13.674915,2026-09-02T21:56:13.674915
PTR-2608-0771,TO-2607-1116,JKT-JP12,MDN-PAR,2026-08-24,2026-07-31,2026-07-31,SA-0049,0,24,24,ptrheader.xlsx,2026-09,2026-09-02T21:56:13.674915,2026-09-02T21:56:13.674915
PTR-2608-0624,TO-2608-0076,JKT-CKPA,MDN-PAR,2026-08-20,2026-08-04,2026-08-05,SA-0049,1,15,16,ptrheader.xlsx,2026-09,2026-09-02T21:56:13.674915,2026-09-02T21:56:13.674915
PTR-2608-0221,TO-2607-0791,JKT-JP12,MDN-PAR,2026-08-10,2026-07-23,2026-08-13,SA-0049,21,-3,18,ptrheader.xlsx,2026-09,2026-09-02T21:56:13.674915,2026-09-02T21:56:13.674915
PTR-2608-0208,TO-2607-0840,JKT-CKPA,MDN-PAR,2026-08-07,2026-07-24,2026-08-14,SA-0049,21,-7,14,ptrheader.xlsx,2026-09,2026-09-02T21:56:13.674915,2026-09-02T21:56:13.674915
PTR-2608-0204,TO-2607-0618,JKT-JP12,MDN-PAR,2026-08-07,2026-07-23,2026-08-07,SA-0049,15,0,15,ptrheader.xlsx,2026-09,2026-09-02T21:56:13.674915,2026-09-02T21:56:13.674915
PTR-2608-0106,TO-2607-0719,JKT-CKPA,MDN-PAR,2026-08-05,2026-07-22,2026-08-12,SA-0049,21,-7,14,ptrheader.xlsx,2026-09,2026-09-02T21:56:13.674915,2026-09-02T21:56:13.674915
PTR-2607-1066,TO-2607-1081,JKT-JP12,MDN-PAR,2026-07-30,2026-07-30,2026-07-30,SA-0049,0,0,0,ptrheader.xlsx,2026-09,2026-09-02T21:56:13.674915,2026-09-02T21:56:13.674915
PTR-2607-1032,TO-2607-0468,JKT-JP12,MDN-PAR,2026-07-30,2026-07-14,2026-07-15,SA-0049,1,15,16,ptrheader.xlsx,2026-09,2026-09-02T21:56:13.674915,2026-09-02T21:56:13.674915
PTR-2607-1018,TO-2607-0512,JKT-JP12,MDN-PAR,2026-07-29,2026-07-15,2026-08-05,SA-0062,21,-7,14,ptrheader.xlsx,2026-09,2026-09-02T21:56:13.674915,2026-09-02T21:56:13.674915
PTR-2607-1017,TO-2607-0533,JKT-JP12,MDN-PAR,2026-07-29,2026-07-15,2026-08-05,SA-0049,21,-7,14,ptrheader.xlsx,2026-09,2026-09-02T21:56:13.674915,2026-09-02T21:56:13.674915
PTR-2607-0772,TO-2607-0100,JKT-JP12,MDN-PAR,2026-07-23,2026-07-08,2026-07-23,SA-0062,15,0,15,ptrheader.xlsx,2026-09,2026-09-02T21:56:13.674915,2026-09-02T21:56:13.674915
PTR-2607-0771,TO-2607-0284,JKT-JP12,MDN-PAR,2026-07-23,2026-07-08,2026-07-29,SA-0062,21,-6,15,ptrheader.xlsx,2026-09,2026-09-02T21:56:13.674915,2026-09-02T21:56:13.674915
PTR-2607-0773,TO-2607-0226,JKT-JP12,MDN-PAR,2026-07-23,2026-07-07,2026-07-28,SA-0062,21,-5,16,ptrheader.xlsx,2026-09,2026-09-02T21:56:13.674915,2026-09-02T21:56:13.674915
PTR-2607-0630,TO-2606-1024,JKT-CKPA,MDN-PAR,2026-07-20,2026-06-30,2026-07-21,SA-0049,21,-1,20,ptrheader.xlsx,2026-09,2026-09-02T21:56:13.674915,2026-09-02T21:56:13.674915
PTR-2607-0410,TO-2606-1059,JKT-JP12,MDN-PAR,2026-07-13,2026-06-30,2026-06-30,SA-0049,0,13,13,ptrheader.xlsx,2026-09,2026-09-02T21:56:13.674915,2026-09-02T21:56:13.674915
PTR-2607-0412,TO-2606-0942,JKT-JP12,MDN-PAR,2026-07-13,2026-06-26,2026-06-26,SA-0049,0,17,17,ptrheader.xlsx,2026-09,2026-09-02T21:56:13.674915,2026-09-02T21:56:13.674915
PTR-2607-0411,TO-2606-0796,JKT-JP12,MDN-PAR,2026-07-13,2026-06-26,2026-07-14,SA-0062,18,-1,17,ptrheader.xlsx,2026-09,2026-09-02T21:56:13.674915,2026-09-02T21:56:13.674915
PTR-2607-0245,TO-2607-0168,JKT-JP12,MDN-PAR,2026-07-08,2026-07-06,2026-07-06,SA-0092,0,2,2,ptrheader.xlsx,2026-09,2026-09-02T21:56:13.674915,2026-09-02T21:56:13.674915
PTR-2607-0181,TO-2606-0717,JKT-CKPA,MDN-PAR,2026-07-06,2026-06-22,2026-07-13,SA-0049,21,-7,14,ptrheader.xlsx,2026-09,2026-09-02T21:56:13.674915,2026-09-02T21:56:13.674915
PTR-2607-0072,TO-2607-0077,V-CUS,MDN-PAR,2026-07-02,2026-07-02,2026-07-02,SA-0044,0,0,0,ptrheader.xlsx,2026-09,2026-09-02T21:56:13.674915,2026-09-02T21:56:13.674915
PTR-2606-0963,TO-2606-0293,JKT-JP12,MDN-PAR,2026-06-29,2026-06-12,2026-06-30,SA-0049,18,-1,17,ptrheader.xlsx,2026-09,2026-09-02T21:56:13.674915,2026-09-02T21:56:13.674915
PTR-2606-0902,TO-2606-0953,JKT-JP12,MDN-PAR,2026-06-26,2026-06-26,2026-06-26,SA-0049,0,0,0,ptrheader.xlsx,2026-09,2026-09-02T21:56:13.674915,2026-09-02T21:56:13.674915
PTR-2606-0889,TO-2606-0391,JKT-CKPA,MDN-PAR,2026-06-26,2026-06-11,2026-07-02,SA-0049,21,-6,15,ptrheader.xlsx,2026-09,2026-09-02T21:56:13.674915,2026-09-02T21:56:13.674915
PTR-2606-0888,TO-2606-0278,JKT-CKPA,MDN-PAR,2026-06-26,2026-06-09,2026-06-30,SA-0049,21,-4,17,ptrheader.xlsx,2026-09,2026-09-02T21:56:13.674915,2026-09-02T21:56:13.674915
PTR-2606-0587,TO-2606-0083,JKT-CKPA,MDN-PAR,2026-06-18,2026-06-04,2026-06-25,SA-0049,21,-7,14,ptrheader.xlsx,2026-09,2026-09-02T21:56:13.674915,2026-09-02T21:56:13.674915
PTR-2606-0425,TO-2606-0274,JKT-JP12,MDN-PAR,2026-06-12,2026-06-09,2026-06-09,SA-0049,0,3,3,ptrheader.xlsx,2026-09,2026-09-02T21:56:13.674915,2026-09-02T21:56:13.674915
PTR-2606-0424,TO-2605-0765,JKT-JP12,MDN-PAR,2026-06-12,2026-05-29,2026-06-12,SA-0062,14,0,14,ptrheader.xlsx,2026-09,2026-09-02T21:56:13.674915,2026-09-02T21:56:13.674915
PTR-2606-0377,TO-2605-0834,JKT-CKPA,MDN-PAR,2026-06-11,2026-05-26,2026-06-16,SA-0049,21,-5,16,ptrheader.xlsx,2026-09,2026-09-02T21:56:13.674915,2026-09-02T21:56:13.674915
PTR-2606-0378,TO-2605-0783,JKT-CKPA,MDN-PAR,2026-06-11,2026-05-25,2026-06-15,SA-0049,21,-4,17,ptrheader.xlsx,2026-09,2026-09-02T21:56:13.674915,2026-09-02T21:56:13.674915
PTR-2606-0293,TO-2606-0313,JKT-JP12,MDN-PAR,2026-06-10,2026-06-09,2026-06-09,SA-0049,0,1,1,ptrheader.xlsx,2026-09,2026-09-02T21:56:13.674915,2026-09-02T21:56:13.674915
PTR-2606-0257,TO-2606-0233,JKT-JP12,MDN-PAR,2026-06-09,2026-06-08,2026-06-08,SA-0049,0,1,1,ptrheader.xlsx,2026-09,2026-09-02T21:56:13.674915,2026-09-02T21:56:13.674915
PTR-2606-0256,TO-2606-0128,JKT-JP12,MDN-PAR,2026-06-09,2026-06-05,2026-06-04,SA-0062,-1,5,4,ptrheader.xlsx,2026-09,2026-09-02T21:56:13.674915,2026-09-02T21:56:13.674915
PTR-2606-0143,TO-2605-0766,JKT-JP12,MDN-PAR,2026-06-05,2026-05-22,2026-06-12,SA-0049,21,-7,14,ptrheader.xlsx,2026-09,2026-09-02T21:56:13.674915,2026-09-02T21:56:13.674915
PTR-2606-0141,TO-2605-0538,JKT-JP12,MDN-PAR,2026-06-05,2026-05-22,2026-06-08,SA-0062,17,-3,14,ptrheader.xlsx,2026-09,2026-09-02T21:56:13.674915,2026-09-02T21:56:13.674915
PTR-2606-0169,TO-2605-0570,JKT-CKPA,MDN-PAR,2026-06-05,2026-05-19,2026-06-09,SA-0049,21,-4,17,ptrheader.xlsx,2026-09,2026-09-02T21:56:13.674915,2026-09-02T21:56:13.674915
PTR-2605-0923,TO-2605-0960,JKT-JP12,MDN-PAR,2026-05-29,2026-05-29,2026-05-29,SA-0049,0,0,0,ptrheader.xlsx,2026-09,2026-09-02T21:56:13.674915,2026-09-02T21:56:13.674915
PTR-2605-0819,TO-2605-0406,JKT-CKPA,MDN-PAR,2026-05-26,2026-05-13,2026-06-03,SA-0049,21,-8,13,ptrheader.xlsx,2026-09,2026-09-02T21:56:13.674915,2026-09-02T21:56:13.674915
PTR-2605-0611,TO-2605-0134,JKT-CKPA,MDN-PAR,2026-05-20,2026-05-06,2026-05-27,SA-0049,21,-7,14,ptrheader.xlsx,2026-09,2026-09-02T21:56:13.674915,2026-09-02T21:56:13.674915
PTR-2605-0585,TO-2604-1150,JKT-JP12,MDN-PAR,2026-05-20,2026-05-06,2026-05-21,SA-0062,15,-1,14,ptrheader.xlsx,2026-09,2026-09-02T21:56:13.674915,2026-09-02T21:56:13.674915
PTR-2605-0300,TO-2604-1140,JKT-JP12,MDN-PAR,2026-05-11,2026-04-30,2026-04-30,SA-0049,0,11,11,ptrheader.xlsx,2026-09,2026-09-02T21:56:13.674915,2026-09-02T21:56:13.674915
PTR-2605-0293,TO-2604-0959,JKT-CKPA,MDN-PAR,2026-05-11,2026-04-27,2026-05-18,SA-0049,21,-7,14,ptrheader.xlsx,2026-09,2026-09-02T21:56:13.674915,2026-09-02T21:56:13.674915
PTR-2605-0260,TO-2604-0850,JKT-JP12,MDN-PAR,2026-05-08,2026-04-27,2026-05-14,SA-0049,17,-6,11,ptrheader.xlsx,2026-09,2026-09-02T21:56:13.674915,2026-09-02T21:56:13.674915
PTR-2605-0262,TO-2604-0839,JKT-CKPA,MDN-PAR,2026-05-08,2026-04-23,2026-05-14,SA-0049,21,-6,15,ptrheader.xlsx,2026-09,2026-09-02T21:56:13.674915,2026-09-02T21:56:13.674915
PTR-2605-0177,TO-2604-0728,JKT-CKPA,MDN-PAR,2026-05-07,2026-04-21,2026-05-12,SA-0049,21,-5,16,ptrheader.xlsx,2026-09,2026-09-02T21:56:13.674915,2026-09-02T21:56:13.674915
PTR-2605-0093,TO-2604-1042,JKT-JP12,MDN-PAR,2026-05-05,2026-04-29,2026-04-29,SA-0049,0,6,6,ptrheader.xlsx,2026-09,2026-09-02T21:56:13.674915,2026-09-02T21:56:13.674915
PTR-2605-0113,TO-2604-0563,JKT-JP12,MDN-PAR,2026-05-05,2026-04-15,2026-05-06,SA-0049,21,-1,20,ptrheader.xlsx,2026-09,2026-09-02T21:56:13.674915,2026-09-02T21:56:13.674915
PTR-2605-0112,TO-2604-0414,JKT-JP12,MDN-PAR,2026-05-05,2026-04-14,2026-05-04,SA-0062,20,1,21,ptrheader.xlsx,2026-09,2026-09-02T21:56:13.674915,2026-09-02T21:56:13.674915
PTR-2605-0042,TO-2604-1099,JKT-JP12,MDN-PAR,2026-05-04,2026-04-29,2026-04-29,SA-0049,0,5,5,ptrheader.xlsx,2026-09,2026-09-02T21:56:13.674915,2026-09-02T21:56:13.674915
PTR-2604-1057,TO-2604-1062,JKT-JP12,MDN-PAR,2026-04-29,2026-04-29,2026-05-20,SA-0062,21,-21,0,ptrheader.xlsx,2026-09,2026-09-02T21:56:13.674915,2026-09-02T21:56:13.674915
PTR-2604-1062,TO-2604-0334,JKT-CKPA,MDN-PAR,2026-04-29,2026-04-10,2026-05-01,SA-0049,21,-2,19,ptrheader.xlsx,2026-09,2026-09-02T21:56:13.674915,2026-09-02T21:56:13.674915
PTR-2604-1031,TO-2604-0175,JKT-JP12,MDN-PAR,2026-04-29,2026-04-10,2026-04-27,SA-0062,17,2,19,ptrheader.xlsx,2026-09,2026-09-02T21:56:13.674915,2026-09-02T21:56:13.674915
PTR-2604-1030,TO-2604-0224,JKT-JP12,MDN-PAR,2026-04-29,2026-04-07,2026-04-28,SA-0049,21,1,22,ptrheader.xlsx,2026-09,2026-09-02T21:56:13.674915,2026-09-02T21:56:13.674915
PTR-2604-0771,TO-2604-0760,JKT-JP12,MDN-PAR,2026-04-22,2026-04-21,2026-05-12,SA-0062,21,-20,1,ptrheader.xlsx,2026-09,2026-09-02T21:56:13.674915,2026-09-02T21:56:13.674915
PTR-2604-0756,TO-2604-0687,JKT-JP12,MDN-PAR,2026-04-22,2026-04-20,2026-05-11,SA-0062,21,-19,2,ptrheader.xlsx,2026-09,2026-09-02T21:56:13.674915,2026-09-02T21:56:13.674915
PTR-2604-0660,TO-2604-0624,JKT-JP12,MDN-PAR,2026-04-20,2026-04-17,2026-05-08,SA-0062,21,-18,3,ptrheader.xlsx,2026-09,2026-09-02T21:56:13.674915,2026-09-02T21:56:13.674915
PTR-2604-0630,TO-2604-0120,JKT-CKPA,MDN-PAR,2026-04-17,2026-04-06,2026-04-27,SA-0049,21,-10,11,ptrheader.xlsx,2026-09,2026-09-02T21:56:13.674915,2026-09-02T21:56:13.674915
PTR-2604-0629,TO-2604-0011,JKT-CKPA,MDN-PAR,2026-04-17,2026-04-01,2026-04-22,SA-0049,21,-5,16,ptrheader.xlsx,2026-09,2026-09-02T21:56:13.674915,2026-09-02T21:56:13.674915
PTR-2604-0631,TO-2603-0962,JKT-JP12,MDN-PAR,2026-04-17,2026-03-31,2026-03-31,SA-0049,0,17,17,ptrheader.xlsx,2026-09,2026-09-02T21:56:13.674915,2026-09-02T21:56:13.674915
PTR-2604-0349,TO-2604-0214,JKT-JP12,MDN-PAR,2026-04-10,2026-04-07,2026-04-07,SA-0049,0,3,3,ptrheader.xlsx,2026-09,2026-09-02T21:56:13.674915,2026-09-02T21:56:13.674915
PTR-2604-0350,TO-2603-0814,JKT-CKPA,MDN-PAR,2026-04-10,2026-03-27,2026-04-17,SA-0049,21,-7,14,ptrheader.xlsx,2026-09,2026-09-02T21:56:13.674915,2026-09-02T21:56:13.674915
PTR-2604-0284,TO-2603-0642,JKT-JP12,MDN-PAR,2026-04-09,2026-03-27,2026-04-06,SA-0062,10,3,13,ptrheader.xlsx,2026-09,2026-09-02T21:56:13.674915,2026-09-02T21:56:13.674915
PTR-2604-0018,TO-2603-0825,JKT-JP12,MDN-PAR,2026-04-01,2026-03-31,2026-03-27,SA-0049,-4,5,1,ptrheader.xlsx,2026-09,2026-09-02T21:56:13.674915,2026-09-02T21:56:13.674915
PTR-2603-0914,TO-2603-0833,JKT-JP12,MDN-PAR,2026-03-31,2026-03-31,2026-03-27,SA-0049,-4,4,0,ptrheader.xlsx,2026-09,2026-09-02T21:56:13.674915,2026-09-02T21:56:13.674915
PTR-2603-0675,TO-2603-0688,MDN-CAR,MDN-PAR,2026-03-18,2026-03-18,2026-03-18,SA-0044,0,0,0,ptrheader.xlsx,2026-09,2026-09-02T21:56:13.674915,2026-09-02T21:56:13.674915
PTR-2603-0664,TO-2603-0677,JKT-JP12,MDN-PAR,2026-03-17,2026-03-17,2026-03-17,SA-0049,0,0,0,ptrheader.xlsx,2026-09,2026-09-02T21:56:13.674915,2026-09-02T21:56:13.674915
PTR-2603-0663,TO-2603-0676,JKT-JP12,MDN-PAR,2026-03-17,2026-03-17,2026-03-17,SA-0049,0,0,0,ptrheader.xlsx,2026-09,2026-09-02T21:56:13.674915,2026-09-02T21:56:13.674915
PTR-2603-0586,TO-2603-0541,JKT-JP12,MDN-PAR,2026-03-16,2026-03-13,2026-04-02,SA-0049,20,-17,3,ptrheader.xlsx,2026-09,2026-09-02T21:56:13.674915,2026-09-02T21:56:13.674915
PTR-2603-0585,TO-2603-0064,JKT-CKPA,MDN-PAR,2026-03-16,2026-03-03,2026-03-24,SA-0049,21,-8,13,ptrheader.xlsx,2026-09,2026-09-02T21:56:13.674915,2026-09-02T21:56:13.674915
PTR-2603-0549,TO-2602-1017,JKT-JP12,MDN-PAR,2026-03-13,2026-03-03,2026-03-20,SA-0062,17,-7,10,ptrheader.xlsx,2026-09,2026-09-02T21:56:13.674915,2026-09-02T21:56:13.674915
PTR-2603-0429,TO-2603-0349,JKT-DUM,MDN-PAR,2026-03-11,2026-03-10,2026-03-10,SA-0049,0,1,1,ptrheader.xlsx,2026-09,2026-09-02T21:56:13.674915,2026-09-02T21:56:13.674915
PTR-2603-0340,TO-2602-1009,JKT-CKPA,MDN-PAR,2026-03-10,2026-02-27,2026-03-20,SA-0049,21,-10,11,ptrheader.xlsx,2026-09,2026-09-02T21:56:13.674915,2026-09-02T21:56:13.674915
PTR-2603-0300,TO-2602-1010,JKT-CKPA,MDN-PAR,2026-03-09,2026-02-27,2026-03-20,SA-0049,21,-11,10,ptrheader.xlsx,2026-09,2026-09-02T21:56:13.674915,2026-09-02T21:56:13.674915
PTR-2603-0253,TO-2602-0991,JKT-JP12,MDN-PAR,2026-03-09,2026-02-26,2026-03-19,SA-0049,21,-10,11,ptrheader.xlsx,2026-09,2026-09-02T21:56:13.674915,2026-09-02T21:56:13.674915
PTR-2603-0145,TO-2602-0805,JKT-CKPA,MDN-PAR,2026-03-04,2026-02-23,2026-03-16,SA-0049,21,-12,9,ptrheader.xlsx,2026-09,2026-09-02T21:56:13.674915,2026-09-02T21:56:13.674915
PTR-2603-0077,TO-2602-0531,JKT-JP12,MDN-PAR,2026-03-03,2026-02-18,2026-03-06,SA-0062,16,-3,13,ptrheader.xlsx,2026-09,2026-09-02T21:56:13.674915,2026-09-02T21:56:13.674915
PTR-2603-0076,TO-2602-0672,JKT-JP12,MDN-PAR,2026-03-03,2026-02-18,2026-03-11,SA-0049,21,-8,13,ptrheader.xlsx,2026-09,2026-09-02T21:56:13.674915,2026-09-02T21:56:13.674915
PTR-2602-0898,TO-2602-0397,JKT-CKPA,MDN-PAR,2026-02-25,2026-02-11,2026-03-04,SA-0049,21,-7,14,ptrheader.xlsx,2026-09,2026-09-02T21:56:13.674915,2026-09-02T21:56:13.674915
PTR-2602-0899,TO-2602-0188,JKT-JP12,MDN-PAR,2026-02-25,2026-02-09,2026-02-05,SA-0062,-4,20,16,ptrheader.xlsx,2026-09,2026-09-02T21:56:13.674915,2026-09-02T21:56:13.674915
PTR-2602-0854,TO-2602-0399,JKT-CKPA,MDN-PAR,2026-02-24,2026-02-11,2026-03-04,SA-0049,21,-8,13,ptrheader.xlsx,2026-09,2026-09-02T21:56:13.674915,2026-09-02T21:56:13.674915
PTR-2602-0792,TO-2602-0471,JKT-CKPA,MDN-PAR,2026-02-23,2026-02-12,2026-03-05,SA-0049,21,-10,11,ptrheader.xlsx,2026-09,2026-09-02T21:56:13.674915,2026-09-02T21:56:13.674915
PTR-2602-0615,TO-2602-0111,JKT-CKPA,MDN-PAR,2026-02-18,2026-02-04,2026-02-25,SA-0049,21,-7,14,ptrheader.xlsx,2026-09,2026-09-02T21:56:13.674915,2026-09-02T21:56:13.674915
PTR-2602-0616,TO-2601-0812,JKT-JP12,MDN-PAR,2026-02-18,2026-01-30,2026-02-16,SA-0062,17,2,19,ptrheader.xlsx,2026-09,2026-09-02T21:56:13.674915,2026-09-02T21:56:13.674915
PTR-2602-0559,TO-2602-0557,JKT-JP12,MDN-PAR,2026-02-16,2026-02-16,2026-02-13,SA-0049,-3,3,0,ptrheader.xlsx,2026-09,2026-09-02T21:56:13.674915,2026-09-02T21:56:13.674915
PTR-2602-0539,TO-2602-0543,JKT-JP12,MDN-PAR,2026-02-16,2026-02-13,2026-03-06,SA-0049,21,-18,3,ptrheader.xlsx,2026-09,2026-09-02T21:56:13.674915,2026-09-02T21:56:13.674915
PTR-2602-0396,TO-2602-0263,JKT-CKPA,MDN-PAR,2026-02-12,2026-02-06,2026-02-27,SA-0049,21,-15,6,ptrheader.xlsx,2026-09,2026-09-02T21:56:13.674915,2026-09-02T21:56:13.674915
PTR-2602-0347,TO-2602-0171,JKT-JP12,MDN-PAR,2026-02-11,2026-02-11,2026-02-26,SA-0049,15,-15,0,ptrheader.xlsx,2026-09,2026-09-02T21:56:13.674915,2026-09-02T21:56:13.674915
PTR-2602-0259,TO-2601-0677,JKT-CKPA,MDN-PAR,2026-02-09,2026-01-22,2026-02-12,SA-0049,21,-3,18,ptrheader.xlsx,2026-09,2026-09-02T21:56:13.674915,2026-09-02T21:56:13.674915
PTR-2602-0228,TO-2602-0179,JKT-JP12,MDN-PAR,2026-02-06,2026-02-05,2026-02-26,SA-0049,21,-20,1,ptrheader.xlsx,2026-09,2026-09-02T21:56:13.674915,2026-09-02T21:56:13.674915
PTR-2602-0017,TO-2601-0430,JKT-JP12,MDN-PAR,2026-02-02,2026-01-19,2026-02-04,SA-0049,16,-2,14,ptrheader.xlsx,2026-09,2026-09-02T21:56:13.674915,2026-09-02T21:56:13.674915
PTR-2601-0974,TO-2601-0934,JKT-JP12,MDN-PAR,2026-01-30,2026-01-28,2026-01-28,SA-0049,0,2,2,ptrheader.xlsx,2026-09,2026-09-02T21:56:13.674915,2026-09-02T21:56:13.674915
PTR-2601-0863,TO-2601-0452,JKT-CKPA,MDN-PAR,2026-01-28,2026-01-15,2026-02-05,SA-0049,21,-8,13,ptrheader.xlsx,2026-09,2026-09-02T21:56:13.674915,2026-09-02T21:56:13.674915
PTR-2601-0736,TO-2601-0323,JKT-JP12,MDN-PAR,2026-01-26,2026-01-12,2026-02-02,SA-0062,21,-7,14,ptrheader.xlsx,2026-09,2026-09-02T21:56:13.674915,2026-09-02T21:56:13.674915
PTR-2601-0737,TO-2601-0130,JKT-JP12,MDN-PAR,2026-01-26,2026-01-09,2026-01-06,SA-0062,-3,20,17,ptrheader.xlsx,2026-09,2026-09-02T21:56:13.674915,2026-09-02T21:56:13.674915
PTR-2601-0610,TO-2601-0204,JKT-CKPA,MDN-PAR,2026-01-21,2026-01-08,2026-01-29,SA-0049,21,-8,13,ptrheader.xlsx,2026-09,2026-09-02T21:56:13.674915,2026-09-02T21:56:13.674915
PTR-2601-0611,TO-2601-0154,JKT-JP12,MDN-PAR,2026-01-21,2026-01-07,2026-01-07,SA-0049,0,14,14,ptrheader.xlsx,2026-09,2026-09-02T21:56:13.674915,2026-09-02T21:56:13.674915
PTR-2601-0502,TO-2601-0548,JKT-JP12,MDN-PAR,2026-01-19,2026-01-19,2026-01-19,SA-0049,0,0,0,ptrheader.xlsx,2026-09,2026-09-02T21:56:13.674915,2026-09-02T21:56:13.674915
PTR-2601-0473,TO-2601-0513,V-CUS,MDN-PAR,2026-01-19,2026-01-19,2026-01-19,SA-0044,0,0,0,ptrheader.xlsx,2026-09,2026-09-02T21:56:13.674915,2026-09-02T21:56:13.674915
PTR-2601-0459,TO-2601-0052,JKT-CKPA,MDN-PAR,2026-01-15,2026-01-05,2026-01-06,SA-0049,1,9,10,ptrheader.xlsx,2026-09,2026-09-02T21:56:13.674915,2026-09-02T21:56:13.674915
PTR-2601-0273,TO-2601-0098,JKT-JP12,MDN-PAR,2026-01-12,2026-01-12,2026-01-05,SA-0049,-7,7,0,ptrheader.xlsx,2026-09,2026-09-02T21:56:13.674915,2026-09-02T21:56:13.674915
PTR-2601-0311,TO-2601-0038,JKT-JP12,MDN-PAR,2026-01-12,2026-01-02,2026-01-02,SA-0049,0,10,10,ptrheader.xlsx,2026-09,2026-09-02T21:56:13.674915,2026-09-02T21:56:13.674915
PTR-2601-0310,TO-2512-1012,JKT-JP12,MDN-PAR,2026-01-12,2026-01-02,2025-12-31,SA-0062,-2,12,10,ptrheader.xlsx,2026-09,2026-09-02T21:56:13.674915,2026-09-02T21:56:13.674915
